Bin_ID,ELectoral_Area,Bin_Type,Irish_X,Irish_Y
WMS4505,MERCHANTS QUAY C,Cast Iron,314303.38013530854,233302.39671088353
WMS1274,NORTH DOCK C,Bigbelly Bin,317192.6717763621,234550.45011254682
WMS2858,BALLYBOUGH A,Class B,317009.5630166289,235922.63001075436
WMS4020,BALLYGALL A,Cast Iron,313165.084246833,239008.82255326823
WMS1641,DRUMCONDRA SOUTH B,Dog Bin,316429.9767588855,236106.0629880075
WMS3512,BALLYMUN C,Class B,316031.7917139322,239307.20113879046
WMS5177,BALLYMUN E,Class B,314908.306522676,239325.4316187845
WMS4029,KILMORE A,Cast Iron,317707.9027625334,240300.30329278167
WMS1832,ROYAL EXCHANGE A,Class A,315386.0752166356,234015.23095764246
WMS1177,SAINT KEVIN'S,Class A,316126.3324802469,233155.35167179778
WMS0224,NORTH CITY,Class A,315897.7413122092,234746.0082484666
WMS5200,RAHENY-St. ASSAM,Class B,322376.4207672543,238223.6737736419
WMS1791,CLONTARF EAST A,Bigbelly Bin,321343.0925573894,238194.18776061886
WMS3850,CHAPELIZOD,Class B,310133.34870049753,233718.90218127356
WMS3688,BALLYGALL B,Class B,313771.3926857658,238769.1276967368
WMS0535,KIMMAGE C,Class A,313935.7780043031,231288.14382928345
WMS2754,CABRA EAST B,Class B,314296.2154930263,235893.20545769428
WMS0469,ROYAL EXCHANGE A,Class A,315486.092468164,234005.0795063134
WMS0179,NORTH CITY,Class A,316046.50085206935,234552.64951303214
WMS2302,KILMORE A,Class B,317819.0166065738,239766.7331392827
WMS4562,CARNA,Cast Iron,309241.6239382619,233725.18805598022
WMS4606,RATHMINES EAST A,Cast Iron,316212.6060357011,232481.6685358966
WMS1992,CLONTARF EAST D,Class A,318959.3929332249,235946.692380234
WMS1753,MANSION HOUSE B,Class A,315982.94989511336,233917.5331994241
WMS3061,PEMBROKE WEST B,Class B,317626.5595616058,232766.2679169529
WMS3719,CABRA EAST C,Class B,313936.16457346984,235900.61774415823
WMS4233,MOUNTJOY B,Cast Iron,316554.28441145393,235481.3439063486
WMS0124,MOUNTJOY A,Class A,316468.431811627,234920.3234206798
WMS3039,PEMBROKE EAST A,Class B,318438.0118289624,233482.0191001465
WMS5010,CLONTARF EAST D,Class B,318920.3728193205,236009.52960273187
WMS2517,CLONTARF WEST A,Class B,319598.05486496515,237526.98483398018
WMS3951,GRACE PARK,Class B,317304.9860209157,237884.53263226838
WMS3893,PEMBROKE EAST E,Class B,318522.0073174626,231936.1840694138
WMS2267,BEAUMONT B,Class B,317820.09374529903,238715.27320170266
WMS0505,MERCHANTS QUAY E,Class A,314744.654501389,232632.7571619767
WMS3888,WOOD QUAY B,Class B,315040.986132009,232697.5107534516
WMS3334,WALKINSTOWN B,Class B,311171.22571264184,231001.27969380846
WMS1I881,BALLYMUN C,Class A,315541.3256743413,239841.9939183486
WMS2081,BALLYMUN F,Class B,314408.5676947383,239663.0157260244
WMS5015,CLONTARF EAST B,Class B,321659.80757580634,236758.43348055307
WMS4391,SOUTH DOCK,Cast Iron,317034.87420317356,233469.05635678893
WMS1721,BOTANIC A,Bigbelly Bin,315245.6254353217,237124.246425
WMS1644,BALLYGALL D,Dog Bin,314446.6454211611,238121.49329374835
WMS4230,MOUNTJOY B,Cast Iron,316266.3939886833,235280.09544691103
WMS4561,DRUMFINN,Cast Iron,309393.9771250299,233723.26741195348
WMS2176,BALLYMUN B,Class B,314465.40134008665,240454.15536781435
WMS3870,PEMBROKE WEST A,Class B,317420.88645328465,233429.9369332295
WMS4154,NORTH DOCK A,Cast Iron,317484.0075557219,235739.0349820453
WMS3738,CRUMLIN C,Class B,314094.2538358246,232473.22389019866
WMS3713,BALLYMUN C,Class B,315779.6612083181,239680.95466118073
WMS4718,CHAPELIZOD,Cast Iron,310296.7392989648,234355.66104740056
WMS2725,CABRA WEST C,Class B,313399.4496194579,235927.56378449433
WMS5289,BALLYBOUGH A,Class B,317249.2578700275,235868.5604123305
WMS5198,GRANGE A,Class B,321293.7701183411,240657.63173712022
WMS3914,BEAUMONT E,Class B,318217.2794457296,237878.62167068134
WMS3232,RATHMINES WEST F,Class B,315364.9377741049,231557.70829508288
WMS3413,KILMAINHAM B,Class B,311680.26057624264,233609.0506125594
WMS1579,MOUNTJOY A,Bigbelly Bin,316408.1549290059,234813.0371197824
WMS1444,SAINT KEVIN'S,Class A,315594.70259041275,233129.71055473687
WMS2865,INNS QUAY A,Class B,315333.73308856133,235839.2393065855
WMS1869,NORTH CITY,Bigbelly Bin,316075.18415785016,234726.3443890337
WMS0703,SAINT KEVIN'S,Class A,315759.33781623165,232972.49949373657
WMS2511,CLONTARF EAST A,Class B,320315.6368898985,237673.42334315687
WMS1073,CLONTARF WEST B,Bigbelly Bin,318676.1116520803,237536.62842416472
WMS0849,MANSION HOUSE A,Class A,316890.74922335276,233992.11339427606
WMS3794,FINGLAS SOUTH A,Class B,312322.01038961334,238544.7111003836
WMS3829,EDENMORE,Class B,320706.9940118658,239192.0578346372
WMS5321,BALLYGALL D,Class B,314746.9519956054,238217.94507700624
WMS1577,MOUNTJOY A,Bigbelly Bin,316443.6006798822,234835.09734817958
WMS0045,ROTUNDA A,Class A,316093.77816884744,235154.06380054122
WMS0829,MANSION HOUSE A,Class A,316058.07661502715,234282.15309509245
WMS1660,BALLYMUN B,Dog Bin,315160.58794935356,240292.46644547876
WMS1430,NORTH CITY,Class A,315771.68231096084,234675.71293746156
WMS2838,GRANGE D,Class B,321473.7260703184,238486.6748904233
WMS5051,WHITEHALL D,Class B,316605.38371415355,237736.96892425464
WMS3326,CRUMLIN D,Class B,313320.29008067143,232357.51467096608
WMS3960,HARMONSTOWN A,Class B,319760.950862124,238565.32166823352
WMS1382,BOTANIC C,Bigbelly Bin,315097.78764565993,236291.62255235435
WMS4040,BEAUMONT B,Cast Iron,318309.61294168734,238629.27140256538
WMS1448,INNS QUAY C,Class A,315017.5058694086,234695.04909838625
WMS1889,SAINT KEVIN'S,Class A,315652.9520875989,232739.0287015905
WMS1970,ROYAL EXCHANGE B,Class A,315948.96643526864,233818.63231598298
WMS3664,FINGLAS NORTH B,Class B,312511.7843026669,239699.0583224072
WMS3501,CABRA EAST A,Class B,314777.30670912686,235991.8633982319
WMS5275,TERENURE B,Class B,314513.5892265334,230707.4271718035
WMS2983,SAINT KEVIN'S,Class B,315447.34203250764,232598.8439000335
WMS1845,DRUMCONDRA SOUTH C,Class B,315974.68198926863,236920.22185366435
WMS4209,MOUNTJOY B,Cast Iron,316076.0215055912,235542.25881559507
WMS1938,ASHTOWN A,Dog Bin,311713.822459445,237083.6511947635
WMS0142,PEMBROKE EAST D,Class A,319006.61542280414,231194.2637275303
WMS4188,ARRAN QUAY B,Cast Iron,314401.8936609889,234801.3277317711
WMS5266,CLONTARF WEST C,Class B,319038.2235263282,236787.31434531836
WMS0555,ROYAL EXCHANGE A,Class A,315648.85576937825,234021.52970152677
WMS3516,CABRA EAST A,Class B,313658.80653108086,237255.23671741167
WMS0105,NORTH CITY,Class A,316316.73542938207,234702.12011506068
WMS4370,SOUTH DOCK,Cast Iron,316945.87805498415,233017.50828997648
WMS0717,SAINT KEVIN'S,Class A,315602.46732370305,233059.99403643227
WMS1441,CLONTARF EAST B,Bigbelly Bin,320941.2458458379,236458.6984470242
WMS0416,NORTH CITY,Class A,315945.105582376,234941.4104808935
WMS1750,ASHTOWN B,Bigbelly Bin,311173.36369011446,236982.50825374466
WMS0035,ROTUNDA A,Class A,315958.7008490271,235079.49142460155
WMS3528,WHITEHALL B,Class B,316832.1582973656,238931.36076925602
WMS3922,DRUMCONDRA SOUTH C,Class B,316209.9968408726,236828.62076087052
WMS3723,PEMBROKE WEST A,Class B,317756.8431623597,233311.19699441566
WMS1033,NORTH CITY,Class A,315992.4089007918,234908.82110478118
WMS0051,CLONTARF EAST B,Class A,320553.43486031727,235716.92860829516
WMS0096,INNS QUAY B,Class A,315613.0518843727,235481.18984044032
WMS1365,CLONTARF EAST D,Bigbelly Bin,319519.5861098345,237125.5868127671
WMS0071,ARRAN QUAY D,Class A,313592.72253913037,234450.97095072264
WMS4219,ROTUNDA A,Cast Iron,315688.2136734638,235213.78640767213
WMS0217,NORTH CITY,Class A,315949.02770331956,234560.42219408578
WMS4115,GRACE PARK,Cast Iron,317496.09951692156,237463.5922277587
WMS0683,MANSION HOUSE B,Class A,316116.9734771088,233183.91873982042
WMS1317,WHITEHALL C,Class A,316731.66499331733,239572.7737912864
WMS4092,MOUNTJOY A,Cast Iron,316635.9597929804,235217.75621868792
WMS3904,WHITEHALL C,Class B,316814.68774881965,240036.46107021312
WMS2966,PEMBROKE WEST A,Class B,317517.8419423908,233574.21895708214
WMS5312,KIMMAGE C,Class B,313979.1399528892,231263.78059781523
WMS1354,BALLYMUN D,Bigbelly Bin,315503.6656557737,239124.15406724956
WMS1009,ROTUNDA B,Class A,315794.477218108,234974.4372452305
WMS4354,SAINT KEVIN'S,Cast Iron,316079.4324502535,233006.0894590255
WMS3579,BEAUMONT D,Class B,318515.7936849322,238361.0212462441
WMS1142,ROYAL EXCHANGE A,Bigbelly Bin,315876.152364035,234297.37395749002
WMS1557,NORTH CITY,Class A,315716.6901533151,234328.72795501887
WMS0108,MOUNTJOY A,Class A,316357.67602473206,234658.69771545214
WMS1110,NORTH CITY,Bigbelly Bin,315436.62830910576,234238.7803004023
WMS1344,WALKINSTOWN C,Bigbelly Bin,312247.0519105615,231311.65841858202
WMS3900,PEMBROKE EAST B,Class B,318463.3896039777,233294.63884766388
WMS0315,NORTH CITY,Class A,315367.4238086488,234426.97168062464
WMS3847,INCHICORE A,Class B,311713.66350877605,233216.32070795185
WMS0101,INNS QUAY A,Class A,315888.96827257075,235950.1029987016
WMS3536,PEMBROKE WEST B,Class B,317774.4447838697,231435.1634037537
WMS1657,BALLYGALL A,Dog Bin,313696.1461764946,238435.89850815828
WMS3950,ASHTOWN A,Class B,311039.90821187466,237356.96434668923
WMS4327,MANSION HOUSE B,Cast Iron,316375.7686816238,233369.9545000529
WMS3666,FINGLAS NORTH A,Class B,312146.528163836,239041.81705794626
WMS2250,KILMORE A,Class B,317742.8831043112,240060.74165756587
WMS3759,KIMMAGE C,Class B,314674.33375212416,231795.39506984514
WMS5174,FINGLAS SOUTH A,Class B,312310.4798548616,238564.37959128816
WMS2726,CABRA EAST A,Class B,315045.5065131373,235954.45378695137
WMS0562,ROYAL EXCHANGE A,Class A,315612.12827933114,233794.78239675707
WMS0338,ROTUNDA B,Class A,315363.0387373817,234683.04453526004
WMS3523,ARRAN QUAY A,Class B,314948.3886035184,235864.54286722228
WMS1173,RATHMINES EAST D,Bigbelly Bin,316300.9160025495,231940.51085645732
WMS4439,PEMBROKE EAST B,Cast Iron,318931.37395551236,232826.9703740056
WMS5037,CLONTARF EAST E,Class B,320033.2586755409,237577.17965771392
WMS5052,WHITEHALL A,Class B,316521.56470207055,237643.5779573008
WMS1995,CLONTARF EAST C,Class A,320107.61843733484,235763.27694820383
WMS3833,GRANGE C,Class B,322212.697071299,239405.46794184478
WMS0139,BALLYMUN C,Class A,315634.32444793626,239935.63732766046
WMS0063,CLONTARF EAST B,Class A,321574.46902975853,236588.61938336934
WMS0808,MANSION HOUSE B,Class A,315924.67896612664,233708.9557392485
WMS5131,INCHICORE A,Class B,311539.13247718906,233009.35190695518
WMS5345,SOUTH DOCK,Bigbelly Bin,317499.33426942694,233515.7292324187
WMS4445,PEMBROKE WEST B,Cast Iron,317864.0326972452,232408.209064908
WMS3381,MERCHANTS QUAY A,Class B,314977.587507681,234028.19106210177
WMS4424,SAINT KEVIN'S,Cast Iron,316176.32554560655,232766.87064942374
WMS1092,ARRAN QUAY C,Bigbelly Bin,314738.75919107243,234628.65658023048
WMS4038,BEAUMONT B,Cast Iron,318187.5811398981,238663.58534333782
WMS2578,GRACE PARK,Class B,317177.2650246114,237584.1034114366
WMS3630,DRUMCONDRA SOUTH B,Class B,316818.8098200083,236060.90965667245
WMS2498,RAHENY-St. ASSAM,Class B,321630.9145583421,238314.23092326967
WMS2025,FINGLAS NORTH C,Class B,313436.1661661107,239561.24219624282
WMS1503,WHITEHALL C,Class A,316761.70110730175,239754.71849339345
WMS2513,CLONTARF EAST E,Class B,320120.27459684224,237605.07607353272
WMSE819,INNS QUAY C,Class B,315125.5322316488,234721.011710421
WMS0079,NORTH DOCK C,Class A,317028.8675847639,235328.8220660586
WMS3059,PEMBROKE WEST B,Class B,318006.0500613868,232962.2893509588
WMS0853,MANSION HOUSE A,Class A,316051.4711889576,234316.4926122146
WMS1731,ARRAN QUAY C,Bigbelly Bin,314724.0031986585,234590.92156863568
WMS3287,ARRAN QUAY B,Class B,314829.4231506887,234738.56530854816
WMS3785,RAHENY-GREENDALE,Class B,323300.343748222,238988.19339160455
WMS0653,ROYAL EXCHANGE B,Class A,315767.99829927203,233657.05628335086
WMS5308,RATHMINES EAST B,Class B,316846.1413320669,231579.1020040264
WMS3642,KIMMAGE B,Class B,313614.09481554915,231747.3912009793
WMS4390,SOUTH DOCK,Cast Iron,317188.58304109,233370.75459774345
WMS2293,BEAUMONT D,Class B,318752.2189944227,238561.9454418053
WMS1573,PRIORSWOOD C,Class B,320103.1596550197,240550.56759217646
WMS1327,GRANGE C,Class A,321963.6701273316,239506.19126522087
WMS0331,NORTH CITY,Class A,315406.218095017,234674.6817203977
WMS0249,NORTH CITY,Class A,315952.456581697,234420.7051207557
WMS2303,KILMORE A,Class B,317808.6182630502,239783.66868236475
WMS3236,RATHFARNHAM,Class B,314485.6424292898,229899.16204699752
WMS3749,NORTH DOCK B,Class B,317748.572602883,235028.35527626603
WMS3140,RATHMINES EAST A,Class B,316392.4956564847,231915.19203387137
WMS4114,WHITEHALL A,Cast Iron,315973.0589224493,237752.19238851863
WMS5203,PEMBROKE EAST D,Class B,317796.07424663863,230816.7493780578
WMS0383,ROYAL EXCHANGE B,Class A,315788.316663628,233695.97534158736
WMS4406,MANSION HOUSE A,Cast Iron,316472.4797273287,234232.79257021294
WMS4161,MANSION HOUSE B,Cast Iron,316522.2760081161,233311.45093535204
WMS0463,ROYAL EXCHANGE A,Class A,315442.5171353918,233979.93815775428
WMS5244,INNS QUAY C,Class B,315055.8144341483,234342.13133140444
WMS1005,ROTUNDA B,Class A,315676.61435195256,234868.5290357369
WMS4634,KILMAINHAM B,Cast Iron,312717.50149517483,234131.58755173144
WMS0951,RATHMINES WEST C,Class A,315621.5933085406,231586.84482026508
WMS1085,ARRAN QUAY C,Bigbelly Bin,314676.93795995385,234339.2391281719
WMS3402,INCHICORE A,Class B,311772.09601512965,233280.5218759595
WMS5225,WHITEHALL B,Class B,315970.3004908577,239042.07488146145
WMS2085,BALLYGALL D,Class B,314168.88225555577,238420.45781269245
WMS4041,BEAUMONT B,Cast Iron,318378.2077320245,238613.87968885552
WMS1805,MOUNTJOY A,Bigbelly Bin,316405.0630357914,234819.80268990778
WMS0812,MANSION HOUSE B,Class A,316174.24329805956,233871.9877725758
WMS0230,NORTH CITY,Class A,315805.2821646702,234953.98587472845
WMS5057,KILMORE C,Class B,319045.99142968986,239922.29691413586
WMS5181,BALLYMUN F,Class B,313987.58380544034,239626.18400659936
WMS3804,WHITEHALL D,Class B,317152.0863150816,238461.6365241644
WMS4747,CLONTARF WEST A,Class A,319491.4879028511,238131.5984973071
WMS0920,PEMBROKE WEST C,Bigbelly Bin,317055.39353317546,232788.80048132094
WMS2352,KILMORE C,Class B,319657.015983291,239745.6183457731
WMS0089,ROTUNDA A,Class A,315749.5598961835,235649.92264959947
WMS4509,MERCHANTS QUAY C,Cast Iron,314891.12498188514,233443.64059011824
WMS1030,ROTUNDA A,Class A,315958.3496848072,235025.5278963385
WMS0430,INNS QUAY C,Class A,314943.51030493854,234200.8280586474
WMS0925,PEMBROKE WEST C,Bigbelly Bin,317003.1189257555,232910.36260943787
WMS1752,WOOD QUAY A,Bigbelly Bin,315263.2810029575,233915.68331474447
WMS3761,INNS QUAY C,Class B,315196.82899764105,234754.73612780767
WMS1818,NORTH CITY,Bigbelly Bin,316120.55593933497,234740.84522216168
WMS4535,DRUMFINN,Cast Iron,309706.15407042345,233702.46209255295
WMS1784,CLONTARF EAST A,Bigbelly Bin,322106.1514067041,237602.8988430084
WMS4563,ARRAN QUAY C,Cast Iron,313886.41998269735,234379.87324246467
WMS1797,WHITEHALL C,Bigbelly Bin,316777.2234266991,239861.44022884243
WMS2109,BALLYMUN E,Class B,315148.9332329369,239219.72540954084
WMS5114,PEMBROKE WEST A,Class B,317667.2249470995,233340.42454028226
WMS3963,CABRA EAST C,Class B,313788.92067891837,235902.37125605016
WMS4631,BALLYGALL A,Cast Iron,313152.200738781,239023.5534895869
WMS3979,KIMMAGE C,Class B,314267.80442452605,231366.8879014671
WMS3461,BALLYGALL D,Class B,314702.24007504055,238279.627151782
WMS2322,BEAUMONT E,Class B,318652.3408980992,237663.7760749975
WMS3871,NORTH DOCK B,Class B,317602.91777473426,234806.41634249847
WMS0328,ROTUNDA B,Class A,315454.92709765234,234716.88653723494
WMS0356,NORTH CITY,Class A,315392.62282123545,234323.08992542574
WMS4630,CABRA WEST D,Cast Iron,312821.2881551752,235665.80651068868
WMS3929,FINGLAS SOUTH A,Class B,312426.8034223119,238596.9443617804
WMS5219,FINGLAS NORTH A,Class B,312398.5481276335,239656.41838119575
WMS3861,ASHTOWN A,Class B,312340.4934312998,236459.0636643912
WMS4099,RAHENY-St. ASSAM,Cast Iron,321546.7060109678,238205.5622589053
WMS4690,INNS QUAY C,Cast Iron,315188.95813402976,234976.7887319378
WMS1291,MANSION HOUSE A,Bigbelly Bin,316995.2300480566,234313.2092265054
WMS0056,CLONTARF EAST B,Class A,320930.0529283093,235892.10204837908
WMS5341,SOUTH DOCK,Bigbelly Bin,317535.5101383644,233846.60221374282
WMS4577,USHERS C,Cast Iron,314309.79168485454,233917.95963144634
WMS1286,NORTH DOCK C,Bigbelly Bin,316549.0816122751,234692.80783117365
WMS1507,NORTH CITY,Class A,315494.77908165276,234479.82307010973
WMS0424,INNS QUAY C,Class A,315207.390290725,234203.23324796022
WMS5166,KIMMAGE D,Class B,313801.3853144299,231015.61996971612
WMS3500,CABRA WEST B,Class B,313261.5864787087,236563.94882965405
WMS1060,RATHMINES EAST C,Class A,316578.17087662267,230207.52948325532
WMS4191,ARRAN QUAY C,Cast Iron,314449.00857167423,234496.05600856486
WMS1974,ROYAL EXCHANGE B,Class A,315891.36414803856,233891.74137679432
WMS1874,ROYAL EXCHANGE B,Bigbelly Bin,315727.60833366105,233839.51427790523
WMS4375,MANSION HOUSE B,Cast Iron,316811.1962883293,233491.70150366018
WMS3800,RATHMINES EAST D,Class B,316755.78999021545,231661.17879742346
WMS1546,ROYAL EXCHANGE B,Class A,315570.41462203325,233573.27426913672
WMS0532,ROYAL EXCHANGE A,Class A,315736.61746214447,234258.03003945763
WMS4384,MANSION HOUSE A,Cast Iron,316610.5304904421,233704.7175180971
WMS2145,WHITEHALL A,Class B,315517.2507099493,238716.8239158505
WMS1952,CLONTARF WEST A,Bigbelly Bin,319477.812279919,238361.9529297298
WMS4728,MOUNTJOY B,Cast Iron,316512.1669503719,235444.401893997
WMS0493,ROYAL EXCHANGE A,Class A,315501.3963371484,234042.99233788493
WMS1568,NORTH CITY,Class A,315887.15255912486,234388.42400479675
WMS4102,RAHENY-St. ASSAM,Cast Iron,321940.53958954563,238173.88301699288
WMS4746,CLONTARF EAST E,Class A,319764.09217164136,237378.40897836193
WMS2955,INNS QUAY C,Class B,315195.56895891397,234288.0579342814
WMS5086,BALLYMUN F,Class B,314139.8544316563,239452.1810758151
WMS5152,TERENURE A,Class B,314607.9997890596,230918.86525112667
WMS5135,INCHICORE A,Class B,311719.1734047076,233243.9736763944
WMS5208,KIMMAGE E,Class B,312274.31334385026,230827.0076887184
WMS5091,WHITEHALL C,Class B,317088.7037235319,239881.11358959775
WMS1902,NORTH CITY,Class A,315456.6932249246,234670.2234819063
WMS1101,MERCHANTS QUAY F,Bigbelly Bin,313991.04374165705,232974.74800514037
WMS3872,NORTH DOCK B,Class B,317499.2473669586,234775.98359566572
WMS3694,BALLYGALL B,Class B,314227.48833402165,239001.1260494431
WMS1736,MERCHANTS QUAY A,Class A,314705.84593566385,234186.84425384924
WMS1039,MANSION HOUSE A,Class A,315986.5682373569,234054.76397607962
WMS4700,ROYAL EXCHANGE A,Cast Iron,315373.9393279691,233829.16135483494
WMS0674,MANSION HOUSE B,Class A,316166.863346821,233478.9206086071
WMS4139,BALLYBOUGH A,Cast Iron,316657.60036227293,235544.12925349514
WMS1246,SOUTH DOCK,Bigbelly Bin,317234.8862728615,234231.41780668614
WMS1865,ARRAN QUAY B,Class A,314012.81861192925,235421.37182295433
WMS4335,SOUTH DOCK,Cast Iron,316787.1720742691,233153.8245565202
WMS3880,BEAUMONT A,Class B,317562.255141556,238764.0529234798
WMS5327,BALLYBOUGH A,Class B,317052.2323882956,235577.0513480584
WMS4734,RATHFARNHAM,Class B,314652.57140731724,230252.6139084968
WMS3015,PEMBROKE WEST A,Class B,317842.4631443621,233755.0328751764
WMS2583,CLONTARF WEST D,Class B,317672.4784463981,236314.39920273406
WMS4104,CLONTARF EAST A,Cast Iron,321143.6374659755,238076.53911912284
WMS2146,WHITEHALL A,Class B,315648.49091926514,238623.96319124426
WMS2464,GRANGE D,Class B,321774.7929132602,239230.94996308835
WMS1061,ROYAL EXCHANGE B,Class A,315968.85136095644,233890.08402869577
WMS5120,KILMORE C,Class B,319024.26493725064,239687.99906703623
WMS0824,MANSION HOUSE A,Class A,316122.852265175,233903.4875589048
WMS3751,CLONTARF EAST C,Class B,320182.3304708183,236388.1081193697
WMS5059,BEAUMONT F,Class B,318177.9148327267,238497.0138112823
WMS0067,BOTANIC C,Class A,316000.0380287492,236152.08965982913
WMS1618,SAINT KEVIN'S,Class A,315567.976889651,232737.75556074816
WMS5305,USHERS F,Class B,313182.442610554,233619.1125280872
WMS2080,BALLYMUN F,Class B,314344.2469153231,239573.26188053246
WMS1469,SOUTH DOCK,Bigbelly Bin,317291.43087003694,233909.1983235331
WMS4385,MANSION HOUSE B,Cast Iron,316739.2658669496,233613.41486575917
WMS1132,ROYAL EXCHANGE A,Bigbelly Bin,315934.12308630097,234230.0461458221
WMS3117,RATHMINES EAST B,Class B,317278.17574058106,231907.4046789487
WMS1602,DRUMCONDRA SOUTH A,Class A,316663.4688710594,236945.40323892186
WMS3171,RATHFARNHAM,Class B,316015.41838600044,230372.20944393158
WMS5316,BALLYMUN C,Class B,316018.00709573604,240114.5879908519
WMS1231,NORTH CITY,Class A,315798.03513345285,234636.71261943263
WMS3765,CABRA WEST B,Class B,313609.74348745507,236536.20805418835
WMS0862,MERCHANTS QUAY D,Class A,314883.90180557856,233236.2778016217
WMS4554,DRUMFINN,Cast Iron,309526.22218327393,233716.11505992204
WMS3865,PEMBROKE EAST E,Class B,317922.01027273864,232540.239428203
WMS1908,SAINT KEVIN'S,Class A,315462.8472708762,232454.93384643548
WMS4645,NORTH CITY,Cast Iron,316299.7994623945,234742.90234312075
WMS0798,MANSION HOUSE A,Class A,316608.73356356047,233795.33060266075
WMS1067,WHITEHALL C,Bigbelly Bin,316786.3016450563,239899.43642651866
WMS4556,KYLEMORE,Cast Iron,309548.7734700293,233688.87897397013
WMS1162,SAINT KEVIN'S,Bigbelly Bin,316437.96168199053,232711.77556080002
WMS2533,CLONTARF WEST B,Class B,318666.140803746,237481.4370653975
WMS0401,NORTH CITY,Class A,315719.8260453853,234305.43095762108
WMS3985,CABRA EAST B,Class B,313919.24400135904,235905.9154615162
WMS3060,PEMBROKE WEST A,Class B,317617.8304053473,232796.47772772127
WMS1550,RATHMINES WEST E,Class B,315145.0618801441,230614.44274380532
WMS4663,MERCHANTS QUAY B,Cast Iron,315029.84771216626,233509.6474323168
WMS1629,DRUMCONDRA SOUTH A,Dog Bin,317141.1121616113,236131.31229445356
WMS2897,NORTH DOCK B,Class B,317767.41232474876,234737.17778529495
WMS1185,BALLYBOUGH A,Bigbelly Bin,316953.1997194255,235844.1871774588
WMS1582,SAINT KEVIN'S,Class B,315544.3921838856,232912.80359335855
WMS4526,DRUMFINN,Cast Iron,309873.31549925066,233700.43104699694
WMS2648,CLONTARF EAST B,Class B,320160.0366531525,235868.46740305287
WMS1233,SOUTH DOCK,Bigbelly Bin,317386.33536631573,234272.334794485
WMS3418,CHAPELIZOD,Class B,310697.71396169893,233742.64152436992
WMS1516,SAINT KEVIN'S,Class A,315808.132830266,232922.2457886138
WMS0057,CLONTARF WEST D,Class A,318734.44422864437,236082.94267708805
WMS5249,TERENURE B,Class B,313470.8664004252,230390.2350167559
WMS2038,FINGLAS SOUTH A,Class B,312111.58401980076,239047.6848818482
WMS1360,KILMORE C,Bigbelly Bin,318865.7241167162,239798.26789088637
WMS0932,PEMBROKE WEST C,Bigbelly Bin,316786.38010744535,232871.91991183156
WMS2692,BOTANIC A,Class B,314960.53169349255,237644.68625380108
WMS3068,PEMBROKE EAST A,Class B,318354.6057082009,233639.64155436077
WMS0001,BALLYMUN D,Class A,315523.81127603306,239522.17848823327
WMS0614,ROYAL EXCHANGE B,Class A,315856.0926161261,233588.30045334838
WMS1293,MANSION HOUSE A,Bigbelly Bin,316942.93459836097,234317.62835803223
WMS0851,MANSION HOUSE A,Class A,316373.8408490352,234149.14696387158
WMS0597,ROYAL EXCHANGE B,Class A,315691.1818778331,233594.2133046951
WMS3510,AYRFIELD,Class B,320838.7335508714,240362.15844292237
WMS0504,NORTH CITY,Class A,315819.33704291185,234642.57980156367
WMS1982,ASHTOWN A,Class A,312000.4893824171,236707.47769666844
WMS4568,KILMAINHAM A,Cast Iron,310966.023675054,233596.23043007188
WMS2780,CABRA WEST D,Class B,313335.8835317607,235903.1215669557
WMS3832,GRANGE D,Class B,321813.3131133786,239278.4663307693
WMS3744,WHITEHALL A,Class B,316810.38518586644,238204.04999198654
WMS5298,BALLYGALL B,Class B,314366.5644664804,238474.2009705007
WMS0773,PEMBROKE EAST E,Class A,318302.8629312156,232459.66925932854
WMS3935,MOUNTJOY B,Class B,316277.5556040781,235587.19192280713
WMS3472,BALLYGALL C,Class B,314612.3476172812,238581.3136096127
WMS5077,BOTANIC B,Class B,316109.9727872853,236411.2577734166
WMS1494,NORTH CITY,Class A,315650.87699826807,234531.5529306222
WMS5013,CLONTARF EAST B,Class B,320287.13391432236,235717.3593632931
WMS0678,MANSION HOUSE B,Class A,316234.3050023542,233420.49497849037
WMS4762,INNS QUAY C,Class B,314952.6850740881,234434.14596362328
WMS1192,RATHMINES WEST D,Class A,315113.2765372745,230506.80614887545
WMS1991,CLONTARF WEST D,Class A,318603.6068515112,236149.72061530035
WMS5033,BALLYGALL B,Class B,314390.1978916478,238468.81973881228
WMS2854,BALLYBOUGH A,Class B,316913.08937777637,235828.0100241602
WMS5026,GRACE PARK,Class B,318253.0651479212,237054.13308162632
WMS3784,RAHENY-GREENDALE,Class B,323336.21516261064,238967.64738424998
WMS3557,CLONTARF EAST C,Class B,320207.03007988085,236794.35727934694
WMS1440,CLONTARF EAST A,Bigbelly Bin,320246.5334022687,237275.0174399486
WMS1724,ROYAL EXCHANGE A,Bigbelly Bin,315745.50805677497,234154.64551366633
WMS0803,MANSION HOUSE B,Class A,316023.4080008052,233795.5918675287
WMS3465,ASHTOWN A,Class B,311211.46091193607,236980.4181270885
WMS4654,USHERS C,Cast Iron,313909.03534190205,233894.91271478517
WMS1237,SOUTH DOCK,Bigbelly Bin,317534.57526469906,234278.02312719106
WMS2222,WHITEHALL C,Class B,317051.3638132879,239709.4778915503
WMS1826,MOUNTJOY A,Bigbelly Bin,316471.1581019786,234834.479826538
WMS1180,NORTH DOCK C,Bigbelly Bin,316868.28265689616,235144.56759636075
WMS4566,ARRAN QUAY B,Cast Iron,314364.0873603689,234876.54894629706
WMS2278,WHITEHALL D,Class B,317582.42026359634,238670.5112618429
WMS0626,ROYAL EXCHANGE B,Class A,315925.3083690218,233755.29007436466
WMS5151,RATHFARNHAM,Class B,314590.8279422071,230244.10911773317
WMS1095,USHERS A,Bigbelly Bin,313672.54669272806,234178.42710063444
WMS5012,CLONTARF EAST C,Class B,320098.43896442413,235833.9504937682
WMS1253,SOUTH DOCK,Bigbelly Bin,317707.7166813014,234042.25730594504
WMS0581,ROYAL EXCHANGE A,Class A,315376.1455747773,233300.4385034006
WMS5283,CLONTARF WEST D,Class B,317928.14588996454,236370.50392407016
WMS0670,ROYAL EXCHANGE B,Class A,315661.12454889796,233803.85086038717
WMS4569,KILMAINHAM A,Cast Iron,310926.8389127123,233581.69447535079
WMS3909,CLONTARF EAST C,Class B,319929.8590790329,235873.00723131228
WMS0232,ROTUNDA A,Class A,315936.4878908809,234952.50009131554
WMS3615,ARRAN QUAY A,Class B,315030.5884796674,235713.98925142523
WMS1207,NORTH DOCK B,Bigbelly Bin,317628.8219309932,234430.49861482682
WMS0478,ROYAL EXCHANGE A,Class A,315763.7423725054,234039.06231722346
WMS3258,TEMPLEOGUE-KIMMAGE MANOR,Class B,313298.8591280754,229828.03228959555
WMS2668,CLONTARF EAST B,Class B,320175.2457676676,235806.28856149584
WMS1505,NORTH CITY,Class A,315510.11204277124,234420.62582520104
WMS0724,SAINT KEVIN'S,Class A,315660.2815930577,232601.0875463162
WMS2584,CLONTARF WEST D,Class B,317735.28176647413,236308.05356440964
WMS1309,PEMBROKE EAST A,Class A,318092.843867049,233877.4372308781
WMS1487,NORTH CITY,Class A,315750.6140232551,234631.99244124602
WMS0394,NORTH CITY,Class A,315421.06809303805,234536.6556045417
WMS1825,GRANGE E,Class B,321339.23886702734,239203.1064531148
WMS3486,AIRPORT,Class B,315597.9679121623,240369.25060057052
WMS4058,PRIORSWOOD E,Cast Iron,318930.30366843415,240243.74202233893
WMS4021,WHITEHALL C,Cast Iron,316783.09478621115,239937.80943902553
WMS4533,DRUMFINN,Cast Iron,309740.7629764758,233699.53539104044
WMS0398,NORTH DOCK C,Class A,316769.6650990313,235190.6039011087
WMS0983,USHERS E,Class A,313419.56729861884,233075.44219568663
WMS2285,BEAUMONT D,Class B,318449.6692365311,238378.60289084673
WMS2812,ASHTOWN A,Class B,311863.80315171106,237104.25889627208
WMS4651,USHERS C,Cast Iron,314227.1022611421,233924.0360550974
WMS0804,MANSION HOUSE B,Class A,316025.0674837929,233786.18184679476
WMS0637,ROYAL EXCHANGE B,Class A,315972.69892488525,233925.00978387168
WMS3389,KILMAINHAM C,Class B,312473.04648517724,233454.57978805673
WMS2490,RAHENY-St. ASSAM,Class B,322192.27242481546,238175.6190323978
WMS3983,WALKINSTOWN B,Class B,312124.22456943,231815.79077229154
WMS2088,BALLYMUN F,Class B,314118.06770583004,239258.73363877984
WMS1280,NORTH DOCK B,Bigbelly Bin,317800.3801960534,234652.10979154505
WMS4514,MERCHANTS QUAY C,Cast Iron,314274.65130971407,233265.51101768523
WMS1339,CLONTARF WEST A,Class A,319476.89946614945,238393.507766724
WMS1628,CLONTARF WEST E,Dog Bin,317439.8084753787,236927.80858293214
WMS4087,CLONTARF EAST A,Cast Iron,321483.08678519184,238126.9945620501
WMS1333,EDENMORE,Class A,320893.7905581965,239035.41582486103
WMS0960,RATHMINES WEST A,Class A,315653.0351535921,232099.73619585292
WMS4364,RAHENY-St. ASSAM,Cast Iron,321486.0977238339,238219.7856463884
WMS1417,CLONTARF EAST D,Class A,319226.3230801307,235882.44129390857
WMS1509,NORTH CITY,Bigbelly Bin,315469.499077408,234477.63684343596
WMS0200,MERCHANTS QUAY C,Class A,315103.1788150563,233258.09273276353
WMS0288,NORTH CITY,Class A,315348.7886611665,234515.65309725198
WMS1888,CLONTARF EAST A,Bigbelly Bin,321246.3752852316,237969.60815654104
WMS0164,KILMORE C,Class A,319540.0595141533,239580.2955159487
WMS2028,FINGLAS NORTH C,Class B,312920.36851067364,240158.7473153415
WMS5331,BEAUMONT F,Class B,317417.4204938861,238114.83053101256
WMS1802,MANSION HOUSE A,Class A,315980.4142194675,234087.24294615793
WMS2871,BALLYBOUGH A,Class B,316864.2900046724,236011.24344530085
WMS4701,SOUTH DOCK,Cast Iron,316933.6304294233,233782.07338839138
WMS1534,ROYAL EXCHANGE A,Bigbelly Bin,315523.87590422994,234182.55360328578
WMS3246,DRUMCONDRA SOUTH A,Class B,316475.1679151544,236677.77823434735
WMS1559,NORTH CITY,Class A,315709.3383729029,234382.81393296245
WMS3219,TERENURE D,Class B,314427.61835637875,229991.95446352474
WMS0438,PEMBROKE WEST B,Class A,317707.52814825583,232311.24180165544
WMS1275,NORTH DOCK C,Bigbelly Bin,317202.8427941619,234635.64611395524
WMS1987,KILMORE D,Class A,319740.9563084942,238900.2248408729
WMS1682,HARMONSTOWN A,Dog Bin,320228.2366717473,238767.47705243883
WMS5284,RAHENY-St. ASSAM,Class B,322138.528936447,238314.92357172002
WMS5348,INNS QUAY A,Class B,315301.8610117338,235856.53273631737
WMS1942,CLONTARF EAST A,Bigbelly Bin,321287.1982611692,238005.77165855514
WMS1533,ROYAL EXCHANGE A,Bigbelly Bin,315559.86078407324,234192.28326129756
WMS0206,CLONTARF WEST D,Class A,318286.2473787011,236250.65945026767
WMS2870,DRUMCONDRA SOUTH B,Class B,316671.4748439897,236061.84390221347
WMS5282,AYRFIELD,Class B,321149.6095631651,239925.00406560238
WMS0371,NORTH CITY,Class A,315849.2630707273,234486.9112929118
WMS1980,ROYAL EXCHANGE B,Class A,315717.56006529805,233689.6023301054
WMS0867,MANSION HOUSE A,Class A,316020.64550254995,234375.9394149737
WMS3824,WHITEHALL A,Class B,315792.54281380714,238946.02921023476
WMS0547,ROYAL EXCHANGE B,Class A,315586.05492014077,233714.38059003523
WMS4733,MANSION HOUSE B,Cast Iron,316777.01482939476,233592.6457967371
WMS2844,BOTANIC A,Class B,315360.62115382985,237167.1911505234
WMS3612,AYRFIELD,Class B,320504.7144579332,239328.0540126899
WMS4708,MERCHANTS QUAY B,Cast Iron,314916.70454861387,233807.23769828663
WMS1977,ROYAL EXCHANGE B,Class A,315842.502582483,233799.76549384085
WMS0835,MANSION HOUSE A,Class A,316207.97364996397,234186.08872987056
WMS0465,ROYAL EXCHANGE A,Class A,315478.35777662275,234021.83036852116
WMS0025,BALLYMUN C,Class A,315724.67583950836,240166.67247779036
WMS4051,BEAUMONT E,Cast Iron,318232.0408218894,237779.333083444
WMS4719,USHERS B,Cast Iron,314200.7050692112,234263.44156218524
WMS4106,CLONTARF EAST A,Cast Iron,320968.1796016137,237956.66696897778
WMS4214,ROTUNDA A,Cast Iron,315902.1305562085,235383.0564919691
WMS1517,ROYAL EXCHANGE A,Bigbelly Bin,315807.33606835734,234212.58539098184
WMS0872,SOUTH DOCK,Stainless Steel,317662.07586433773,234049.0813369963
WMS1589,WHITEHALL A,Class B,316046.24166679976,238803.24599998834
WMS1966,MANSION HOUSE B,Class A,315898.89862816385,233631.2479292269
WMS1775,WALKINSTOWN B,Class A,311332.62444250163,231469.84310158397
WMS3412,KILMAINHAM B,Class B,311684.9943888363,233557.15486155913
WMS5050,WHITEHALL D,Class B,316836.5310401745,238217.0930820816
WMS3434,DRUMFINN,Class B,309238.8184488926,234099.8311231316
WMS4338,SOUTH DOCK,Cast Iron,316841.0566026321,233068.2373950067
WMS0897,PEMBROKE EAST C,Bigbelly Bin,319530.36757378845,232052.6287749365
WMS0599,ROYAL EXCHANGE B,Class A,315640.6530429975,233724.22473792027
WMS3613,WHITEHALL C,Class B,316943.6255283856,240086.7508851897
WMS4172,MANSION HOUSE B,Cast Iron,316507.9155149583,233281.96439560025
WMS5338,RATHMINES WEST C,Class B,316071.23375892546,230918.72890737152
WMS1957,MOUNTJOY A,Class A,316431.0289063356,234898.25250929684
WMS1032,NORTH CITY,Class A,315984.48079259123,234957.88922264363
WMS3695,BALLYGALL B,Class B,314502.1142635457,238835.4604574264
WMS1145,ROYAL EXCHANGE A,Bigbelly Bin,315353.90812309674,234089.11922113024
WMS0934,PEMBROKE WEST C,Bigbelly Bin,316692.28465647285,232821.67486787715
WMS3998,RAHENY-FOXFIELD,Class B,322610.9847263574,238937.61627377625
WMS0076,NORTH DOCK C,Class A,317063.9592976282,234627.35943489717
WMS0212,NORTH CITY,Class A,315987.27318581176,234442.54229018826
WMS0346,NORTH CITY,Class A,315344.63221441966,234521.74153839852
WMS4009,BALLYGALL A,Cast Iron,313218.4028044241,239087.9970395617
WMS3191,RATHMINES WEST D,Class B,315703.4760048855,230591.97210911248
WMS0969,CHAPELIZOD,Class A,310293.2532487237,234515.92686936737
WMS2371,PRIORSWOOD A,Class B,319358.6702650315,240621.9640302726
WMS4057,PRIORSWOOD E,Cast Iron,318956.9427189839,240301.2785610096
WMS2252,WHITEHALL D,Class B,316907.6407127824,238312.8661793609
WMS3254,TERENURE B,Class B,313457.10118183604,230477.13769915764
WMS3463,KIMMAGE A,Class B,312665.9192855809,231520.51251416354
WMS2356,PRIORSWOOD D,Class B,319786.3162616373,239812.52452291598
WMS3370,WALKINSTOWN A,Class B,310918.9256053595,231136.96653889818
WMS4026,KILMORE A,Cast Iron,317715.94061699597,240193.7245416022
WMS0304,ROTUNDA A,Class A,315736.9634520313,235120.11229009018
WMS0691,ROYAL EXCHANGE B,Class A,315677.93814264843,233316.79020924482
WMS3625,CABRA EAST A,Class B,315041.0028966115,236029.7943440929
WMS2156,BALLYGALL C,Class B,315439.8065321995,238084.1502571691
WMS4049,BEAUMONT B,Cast Iron,318818.93739763263,239028.17101815576
WMS5315,ASHTOWN A,Class B,312380.26700527396,237245.80123231493
WMS0024,BALLYMUN C,Class A,315851.246025772,240088.66883395714
WMS0852,MANSION HOUSE A,Class A,316065.11193728587,234301.90834652164
WMS4587,MANSION HOUSE B,Cast Iron,316575.6465695094,233523.58168533805
WMS1437,ROYAL EXCHANGE A,Bigbelly Bin,315982.7945432175,234327.96544344068
WMS4253,NORTH CITY,Cast Iron,316215.4075741135,234849.46741036893
WMS5125,CARNA,Class B,308868.56300777616,233493.72974654112
WMS1461,NORTH DOCK B,Bigbelly Bin,317589.8716368045,234754.42509942915
WMS3470,BEAUMONT D,Class B,319063.8748885499,238035.73539621136
WMS3877,BALLYGALL C,Class B,314775.52629223757,237960.93325327203
WMS4105,CLONTARF EAST A,Cast Iron,321059.30518285994,238023.45640772907
WMS0085,BALLYBOUGH B,Class A,315854.09796577017,235837.36165954045
WMS1368,WHITEHALL D,Bigbelly Bin,317574.2463189884,238717.50742779448
WMS5220,CABRA EAST A,Class B,314188.8384032068,236985.6652073643
WMS5087,WHITEHALL B,Class B,315560.0646983124,239287.5043421062
WMS0403,PEMBROKE EAST A,Class A,318198.20826128375,233775.6250050396
WMS0625,MANSION HOUSE B,Class A,315922.06906155276,233726.85936454247
WMS1462,NORTH DOCK B,Bigbelly Bin,317585.15473395603,234721.14841973895
WMS0466,ROYAL EXCHANGE A,Class A,315489.8756693475,234023.47707882023
WMS4684,RATHMINES WEST C,Cast Iron,315932.31327342475,231715.56749096708
WMS1155,DRUMFINN,Bigbelly Bin,309778.86793114437,233695.5766876167
WMS4447,RATHMINES EAST A,Cast Iron,316883.7162955341,232302.23427038552
WMS0113,MOUNTJOY A,Class A,316408.61277555313,234732.14589955818
WMS3975,SOUTH DOCK,Class B,317296.4490042013,233888.65296223282
WMS0195,NORTH DOCK C,Class A,316330.55185370136,234521.14036308555
WMS0975,MANSION HOUSE B,Class A,316029.1197336031,233547.57890411842
WMS3782,BALLYGALL C,Class B,314920.3164491008,238528.11658752908
WMS2453,AYRFIELD,Class B,321051.67435366736,239859.71896645648
WMS1961,KILMORE D,Class A,319344.4225129574,239117.42472121675
WMS1719,KILMAINHAM C,Dog Bin,312346.1129594912,233061.22082504982
WMS0828,MANSION HOUSE A,Class A,316087.7299296628,234253.45839965035
WMS1661,DUBBER,Dog Bin,314762.649652232,240920.2186978979
WMS4034,KILMORE A,Cast Iron,317626.25597737834,240503.7028214267
WMS1652,BOTANIC A,Dog Bin,315055.2983333706,236818.8634633216
WMS0658,ROYAL EXCHANGE B,Class A,315940.33944600855,233884.97133458455
WMS1041,ROYAL EXCHANGE A,Class A,315979.4967145758,233970.96742899631
WMS1928,ROYAL EXCHANGE B,Class A,315614.134608979,233771.38076291955
WMS1120,NORTH CITY,Bigbelly Bin,315900.0159985418,234378.62644070742
WMS5320,CRUMLIN C,Class B,313730.6947587718,232651.87937785243
WMS3934,GRANGE D,Class B,322005.055959049,239099.88428191634
WMS0118,MOUNTJOY A,Class A,316533.1931690657,234761.42128519327
WMS3753,RAHENY-FOXFIELD,Class B,323100.92444417934,238397.5025831434
WMS0450,WOOD QUAY A,Class A,315178.0515805757,234113.8507010003
WMS2008,FINGLAS NORTH C,Class B,312958.8840228724,239766.30044449962
WMS4374,MANSION HOUSE B,Cast Iron,316747.44218733395,233428.55470933006
WMS2456,AYRFIELD,Class B,320802.6574592375,239990.41873157545
WMS4097,RAHENY-St. ASSAM,Cast Iron,321675.13158708,238206.98685212346
WMS5093,FINGLAS NORTH A,Class B,312271.2994425919,239274.00600905227
WMS1050,ROYAL EXCHANGE A,Class A,315976.5706596312,234366.04933870333
WMS5194,MANSION HOUSE A,Class B,316536.2781992309,234178.9138062158
WMS2987,SAINT KEVIN'S,Class B,315384.59355711803,233017.16589355966
WMS2549,GRACE PARK,Class B,318208.9414288146,236951.73368507635
WMS5146,CRUMLIN B,Class B,313238.05258309783,232342.79779698403
WMS1993,CLONTARF EAST C,Class A,319475.43551739724,235876.57187632157
WMS5138,INCHICORE B,Class B,310152.27769239416,232444.03328617383
WMS1114,NORTH CITY,Bigbelly Bin,315648.0487421965,234276.82697660755
WMS4665,KILMORE A,Cast Iron,317325.52336024714,240032.93026531138
WMS3531,BALLYGALL B,Class B,314197.7048145059,239017.00842969213
WMS0684,MANSION HOUSE B,Class A,316036.29263511515,233215.65517541004
WMS1844,DRUMCONDRA SOUTH C,Class B,315964.0955112321,236860.5755435631
WMS4727,FINGLAS NORTH C,Cast Iron,313166.28978180914,239099.30405166605
WMS2733,CABRA EAST A,Class B,314404.50908706733,236862.13789442184
WMS3553,KILMAINHAM C,Class B,312018.5540189298,233450.1750377234
WMS5199,RAHENY-GREENDALE,Class B,322677.66856770683,238924.42720810592
WMS4560,CARNA,Cast Iron,309387.89475318126,233707.9721025888
WMS3775,PEMBROKE EAST A,Class B,318744.6237949032,233820.47561816513
WMS0287,DRUMFINN,Class A,309032.67488145013,233765.93556632136
WMS0033,FINGLAS NORTH C,Class A,313435.81668405165,239077.27466717846
WMS4344,MANSION HOUSE B,Cast Iron,316425.8345759192,232805.39990396524
WMS0530,ROYAL EXCHANGE A,Class A,315606.1523220687,234218.7820273456
WMS4688,KILMORE B,Cast Iron,318522.9349530788,239509.9342893846
WMS1318,WHITEHALL C,Class A,316770.4368712204,239715.089971426
WMS2861,MOUNTJOY B,Class B,316217.90624831006,235635.73117659613
WMS3780,PRIORSWOOD D,Class B,319959.2843343095,239590.7828556341
WMS1434,ASHTOWN A,Class A,311617.432883295,236882.72607551757
WMS3961,NORTH DOCK B,Class B,317801.16395999095,235068.0980512168
WMS4453,SAINT KEVIN'S,Cast Iron,315895.97778813925,232605.48740207253
WMS4212,ROTUNDA A,Cast Iron,315942.0823529873,235438.1753240104
WMS1518,ROYAL EXCHANGE A,Bigbelly Bin,315568.6344013975,234149.94306211988
WMS3072,PEMBROKE EAST D,Class B,319037.19892037846,231425.04464732966
WMS5280,CLONTARF EAST D,Class B,319108.4472306814,236822.31211083932
WMS1912,NORTH DOCK C,Bigbelly Bin,316271.6273833355,234499.49302152396
WMS0988,MERCHANTS QUAY C,Class A,314629.8649635082,233371.7831437701
WMS2916,ARRAN QUAY C,Class B,314249.11633201956,234337.14140561622
WMS2112,BALLYMUN E,Class B,315450.8462833387,239064.9530105511
WMS1465,PEMBROKE WEST C,Class A,316489.1338753435,232658.94663281337
WMS4202,MOUNTJOY B,Cast Iron,316092.4362846351,235365.92148953472
WMS2164,BALLYBOUGH B,Class B,316287.1864879693,235755.56501309562
WMS2814,ASHTOWN A,Class B,311626.09563197417,237221.16100377947
WMS4369,SOUTH DOCK,Cast Iron,317059.29947542085,233120.7629830073
WMS3685,KIMMAGE B,Class B,313647.42832398275,231659.0843917651
WMS5113,CABRA WEST D,Class B,313587.8903560876,235770.06312090287
WMS1490,NORTH CITY,Class A,315424.5564865039,234527.57882753471
WMS4314,NORTH CITY,Cast Iron,316040.3512182713,234978.85237742699
WMS3075,PEMBROKE EAST D,Class B,319248.8635542401,231226.14794517218
WMS5063,INNS QUAY C,Class B,315272.67185059533,234859.79349860642
WMS3199,RATHMINES WEST A,Class B,314893.4613348837,232264.16187397586
WMS5074,BALLYGALL A,Class B,313593.81803625316,238415.47088883934
WMS5167,KIMMAGE D,Class B,313333.43900252465,230688.95853290873
WMS1099,MERCHANTS QUAY A,Bigbelly Bin,314882.16527964605,233915.98989857046
WMS5041,BEAUMONT C,Class B,319367.2027941628,238570.82368320719
WMS1463,PEMBROKE WEST C,Bigbelly Bin,316982.67499324656,232922.64142560374
WMS4510,MERCHANTS QUAY C,Cast Iron,314927.7043481949,233431.5067106132
WMS4298,ROTUNDA B,Cast Iron,315274.42646305903,234718.86822577452
WMS3621,WHITEHALL A,Class B,316787.40698242886,238148.70614000116
WMS1674,ASHTOWN A,Dog Bin,311529.19838422263,237460.75657009875
WMS5171,CABRA EAST B,Class B,314222.73951686407,236126.84533095264
WMS3116,RATHMINES EAST B,Class B,317299.4858618729,231881.94522329693
WMS0775,SAINT KEVIN'S,Class A,315977.10709575994,232560.9744268194
WMS3700,BALLYMUN A,Class B,314333.0569938307,240554.06047464965
WMS0347,NORTH CITY,Class A,315334.0591229415,234518.03817277495
WMS0608,ROYAL EXCHANGE B,Class A,315774.87765889557,233622.75940317768
WMS4389,SOUTH DOCK,Cast Iron,316964.8016922213,233490.96761291195
WMS2318,CLONTARF WEST A,Class B,319254.26655887614,238208.9817088012
WMS3417,CHAPELIZOD,Class B,310487.60798069654,233662.76679980164
WMS0907,PEMBROKE WEST C,Bigbelly Bin,317558.0801982208,232859.1164217136
WMS4444,PEMBROKE WEST B,Cast Iron,317848.2423769709,232428.54098391448
WMS1445,SAINT KEVIN'S,Bigbelly Bin,315603.3860888023,233083.79195554252
WMS3971,BALLYGALL C,Class B,315447.47313065955,239051.92800805537
WMS1588,CLONTARF WEST D,Class B,317417.4883894416,236119.64112109426
WMS3892,ASHTOWN B,Class B,311603.93871955015,236761.2683871321
WMS0243,NORTH CITY,Class A,315862.06669331214,234573.07480705137
WMS3916,BOTANIC B,Class B,315803.5373451333,236774.91290170822
WMS1301,MANSION HOUSE A,Bigbelly Bin,316478.3311005602,234409.65617976547
WMS1691,CABRA EAST A,Class A,314440.6459729991,236457.81860727075
WMS5265,TERENURE D,Class B,314431.3030719204,230077.74558844956
WMS0270,NORTH CITY,Class A,315626.0376148661,234595.9797941447
WMS1223,NORTH DOCK C,Bigbelly Bin,316526.0849426554,234495.7026291235
WMS0434,MERCHANTS QUAY E,Class A,314467.1098317824,232585.4551444681
WMS2653,CLONTARF EAST E,Class B,320236.7247685648,237274.24020672077
WMS2969,SOUTH DOCK,Class B,317560.81427244283,233858.20564138904
WMS1102,PEMBROKE WEST B,Bigbelly Bin,317808.585648791,232509.53406190075
WMS0391,PEMBROKE EAST A,Class A,318104.4916261602,233858.55521528466
WMS5055,GRANGE E,Class B,321389.0224916404,238504.53948224263
WMS0681,MANSION HOUSE B,Class A,316166.5907918301,233257.43142474277
WMS1161,PEMBROKE WEST A,Bigbelly Bin,317736.39068715833,233411.6296073042
WMS4692,WOOD QUAY A,Cast Iron,315159.7716443093,233484.42715130997
WMS0570,ROYAL EXCHANGE A,Class A,315555.3471581931,233322.83993291724
WMS0817,MANSION HOUSE B,Class A,316534.4577242571,233731.75273856876
WMS2488,RAHENY-St. ASSAM,Class B,322381.0629682758,238113.31192046823
WMS4523,NORTH CITY,Cast Iron,315331.39796170796,234495.12836391182
WMS0577,ROYAL EXCHANGE A,Class A,315287.37088333623,233840.8588341389
WMS5095,FINGLAS NORTH A,Class B,312013.03375159064,239083.28147312035
WMS4456,USHERS A,Cast Iron,313347.2008692589,233762.3617655844
WMS0698,SAINT KEVIN'S,Class A,315744.3516804606,233097.39239783972
WMS2919,ARRAN QUAY C,Class B,313926.5695029054,234360.71926383616
WMS5005,WHITEHALL D,Class B,316704.5738074086,237492.93999963044
WMS0039,CLONTARF EAST D,Class A,319140.03586399974,235889.18969362843
WMS1733,BALLYMUN B,Class A,315147.7001598928,240134.87349014098
WMS1746,CHAPELIZOD,Bigbelly Bin,310316.84438135533,234490.39803219485
WMS2276,BEAUMONT F,Class B,318083.7530313059,238685.4814280687
WMS1930,ROYAL EXCHANGE B,Class A,315557.48442552035,233440.88377120002
WMS2723,CABRA EAST A,Class B,315044.11919197923,236070.80197096485
WMS0216,NORTH CITY,Class A,315950.7827551975,234551.47588342597
WMS0443,RATHMINES EAST A,Class A,316434.7967600288,231930.0047166097
WMS2576,GRACE PARK,Class B,317163.2201326642,237567.00873380728
WMS4347,MANSION HOUSE B,Cast Iron,316575.3311995481,233081.03525975771
WMS1917,ROYAL EXCHANGE A,Class A,315532.86097557517,233404.40836694246
WMS5191,MANSION HOUSE A,Class B,316572.87698068866,234172.34453181588
WMS2206,WHITEHALL A,Class B,316150.41576243384,238746.44517471638
WMS1499,RATHMINES WEST C,Class A,315643.9605058381,231434.34846270026
WMS1836,ROYAL EXCHANGE A,Class A,315784.78466714505,234031.3688008571
WMS0590,WOOD QUAY A,Class A,315136.45147904137,233675.82360041083
WMS1891,DRUMCONDRA SOUTH B,Class A,316386.423184234,236119.22919581766
WMS5072,FINGLAS SOUTH B,Class B,313513.41513875336,238471.2953389514
WMS3129,PEMBROKE EAST D,Class B,318972.62569720164,231205.22180030725
WMS1979,ROYAL EXCHANGE B,Class A,315762.8519233734,233689.80039235626
WMS1259,SOUTH DOCK,Bigbelly Bin,317462.81469756784,234076.14718568895
WMS0049,CLONTARF EAST C,Class A,319948.4152850834,235816.77128737656
WMS1284,NORTH DOCK B,Bigbelly Bin,317575.1549188946,234603.10172547805
WMS3777,WHITEHALL B,Class B,316029.3750073275,239301.38337852238
WMS5193,MANSION HOUSE A,Class B,316539.2630909486,234204.79552929968
WMS4618,PEMBROKE WEST C,Cast Iron,317260.5597046349,233097.7530622356
WMS2443,RAHENY-GREENDALE,Class B,323005.8869985518,238824.8565421802
WMS3696,BALLYMUN B,Class B,315466.7821448292,240359.86947403458
WMS3330,WALKINSTOWN B,Class B,312079.3963536649,231800.94054447333
WMS2251,KILMORE A,Class B,317738.1233302235,240056.7601087968
WMS3371,WALKINSTOWN A,Class B,310593.14841605525,231534.2213548237
WMS5346,PEMBROKE WEST A,Bigbelly Bin,317496.9460662005,233423.3638426503
WMS5347,PEMBROKE WEST A,Bigbelly Bin,317496.47781308275,233420.61047532607
WMS3372,WALKINSTOWN A,Class B,310700.9383500383,231389.95708994786
WMS2219,WHITEHALL C,Class B,316725.8856911372,239446.92379906305
WMS2272,BEAUMONT B,Class B,318036.50767549913,238704.94757704803
WMS3722,KIMMAGE C,Class B,313735.16432134266,231516.68571790302
WMS2432,GRANGE E,Class B,321377.07001291786,239287.04095506016
WMS2693,BOTANIC A,Class B,315136.58819308114,237579.83652674526
WMS4205,MOUNTJOY B,Cast Iron,316170.1465865931,235395.80546738193
WMS4693,USHERS C,Cast Iron,314207.5156644524,233719.31703539527
WMS2421,EDENMORE,Class B,320325.41482563363,239267.4568043174
WMS1107,CRUMLIN F,Bigbelly Bin,311889.5607183888,231889.32192779565
WMS3853,CRUMLIN C,Class B,313667.74733514216,232596.51368427233
WMS5032,RAHENY-GREENDALE,Class B,322904.9956316331,238827.20829464094
WMS3838,BALLYMUN F,Class B,314407.59161998593,239276.99855244078
WMS1093,ARRAN QUAY B,Bigbelly Bin,314470.9813027045,234715.10256565423
WMS0175,NORTH CITY,Class A,316106.92544969753,234551.407519398
WMS1020,NORTH CITY,Class A,315890.8712128787,234652.39839006457
WMS0673,MANSION HOUSE B,Class A,316148.9381488451,233485.85352347358
WMS0440,PEMBROKE EAST A,Class A,318114.24195666896,233828.99870918403
WMS1126,NORTH CITY,Bigbelly Bin,316110.2159707354,234459.56268633087
WMS3770,ARRAN QUAY B,Class B,314449.7586514986,235641.7297353331
WMS0222,NORTH CITY,Class A,315927.77905630914,234659.86017017497
WMS3982,CRUMLIN B,Class B,312714.3384245832,232133.76114914042
WMS1774,NORTH CITY,Class A,315878.42139270436,234708.60905900356
WMS3525,RAHENY-St. ASSAM,Class B,321622.9657377938,238124.40586541183
WMS4642,USHERS C,Cast Iron,314345.17156359233,233719.0903945089
WMS1898,NORTH CITY,Class A,315536.56305402564,234343.28754063242
WMS3564,PHOENIX PARK,Class B,312905.7434604189,234428.70659749882
WMS0318,ROTUNDA B,Class A,315655.9671519145,234947.90369419564
WMS1307,MANSION HOUSE A,Bigbelly Bin,316224.0284247259,234414.85393179065
WMS4644,ROYAL EXCHANGE A,Cast Iron,315478.8105211613,233656.26982338275
WMS0185,NORTH CITY,Class A,316022.9681571037,234450.21523818217
WMS3938,RATHMINES EAST B,Class B,317455.4555392758,231683.64427942596
WMS3791,PRIORSWOOD D,Class B,319428.9340699613,240029.06223742905
WMS0186,NORTH CITY,Class A,316049.23277270445,234460.2457736785
WMS1909,SAINT KEVIN'S,Class A,315680.8267052161,232862.73421690008
WMS3858,GRACE PARK,Class B,317999.8400952379,237665.87236581458
WMS5119,SOUTH DOCK,Class B,316976.1530103263,233947.1225918794
WMS1332,BALLYGALL C,Class A,315393.06624633854,238684.13992018538
WMS5101,ARRAN QUAY D,Class B,313938.8232720329,234607.14795565984
WMS3755,GRANGE D,Class B,321624.5860725007,239070.53780866397
WMS2708,DRUMCONDRA SOUTH C,Class B,315728.45573104004,237536.06456211084
WMS4528,DRUMFINN,Cast Iron,309832.7940270946,233696.36993569095
WMS4455,PEMBROKE WEST B,Cast Iron,317809.7935851819,232464.64749118738
WMS0410,MERCHANTS QUAY A,Class A,314845.8567528818,234069.10314515507
WMS0308,ROTUNDA B,Class A,315700.76290435204,235141.57312270714
WMS0496,ROYAL EXCHANGE A,Class A,315340.12521249265,233998.72305988768
WMS5003,RATHMINES EAST C,Class B,316155.86561168253,230936.2060187276
WMS4348,MANSION HOUSE B,Cast Iron,316546.70150594565,233311.55625213552
WMS1882,BALLYMUN D,Class A,315540.87701364624,239760.50855220234
WMS5126,DRUMFINN,Class B,309332.84230010153,233730.24357927422
WMS4125,ARRAN QUAY E,Class B,313820.9969132585,235365.8589872692
WMS4050,BEAUMONT E,Cast Iron,318242.7031041632,237776.5114880955
WMS3521,PHOENIX PARK,Class B,313726.1409263137,234407.238147514
WMS2737,PEMBROKE EAST C,Class B,319224.09531049733,231544.280487022
WMS3409,INCHICORE A,Class B,311759.44517498615,233288.10562948487
WMS4635,DECIES,Cast Iron,310348.1275763539,233377.32278110788
WMS4648,NORTH CITY,Cast Iron,315978.5292889139,234765.67738488922
WMS4341,SOUTH DOCK,Cast Iron,316595.0724649293,233070.64388789254
WMS1287,NORTH DOCK C,Bigbelly Bin,316575.5083261989,234722.68900039385
WMS1890,DRUMCONDRA SOUTH C,Class A,316152.55296185776,237395.44183175088
WMS4310,ARRAN QUAY C,Cast Iron,314412.28444904485,234307.3678572116
WMS4075,GRANGE C,Cast Iron,322418.1252856654,239907.08243613294
WMS4452,SAINT KEVIN'S,Cast Iron,315879.8696862139,232623.33471834895
WMS4242,ROTUNDA A,Cast Iron,315932.44518021785,235096.3774675874
WMS0499,BALLYGALL C,Class A,315099.09543902887,239106.1838915412
WMS4749,BALLYBOUGH A,Class A,317039.2852185225,235967.06143318577
WMS4309,ARRAN QUAY C,Cast Iron,314738.5622858082,234244.16161039306
WMS2639,CLONTARF EAST B,Class B,320977.52178252675,236358.20745846958
WMS0820,MANSION HOUSE A,Class A,316493.3079093974,233842.25287830475
WMS2424,EDENMORE,Class B,320890.2911715071,239213.19784467324
WMS4005,BOTANIC A,Cast Iron,315105.5198011458,236443.27552984306
WMS4750,GRANGE B,Class A,322691.9095494389,240233.7770049104
WMS3382,CRUMLIN B,Class B,313076.4318548666,232640.07268866143
WMS1714,ROTUNDA B,Dog Bin,315397.18792315177,234976.46787373797
WMS1812,NORTH CITY,Bigbelly Bin,316177.0395465811,234746.70414994776
WMS0022,BALLYMUN C,Class A,315886.8907094791,239948.3212548682
WMS2162,PEMBROKE WEST B,Class B,317423.5230565849,231757.68823448924
WMS4108,CLONTARF EAST A,Cast Iron,320676.6456937065,237861.39332502845
WMS1316,WHITEHALL C,Class A,316737.1999493346,239476.98755450433
WMS0998,ROYAL EXCHANGE B,Class A,315730.71914565854,233627.75430860816
WMS3255,TERENURE C,Class B,313319.7433320748,230340.99962484755
WMS4215,ROTUNDA A,Cast Iron,315848.0646723141,235358.03111855267
WMS1692,CABRA EAST A,Class A,314440.3283094957,236459.88262859674
WMS4297,ROTUNDA B,Cast Iron,315298.52705745195,234712.49982898624
WMS0793,SOUTH DOCK,Class A,316889.22486141394,233343.35012505605
WMS1788,CLONTARF EAST A,Bigbelly Bin,321296.01610329136,238185.83061068182
WMS1532,ROYAL EXCHANGE A,Bigbelly Bin,315621.056222413,234211.00217070704
WMS4472,MERCHANTS QUAY A,Cast Iron,314576.9473347501,233894.25210074408
WMS3107,PEMBROKE EAST D,Class B,318601.64825960546,230513.6448739342
WMS2691,BOTANIC A,Class B,314975.81261645956,237636.78243619978
WMS2986,SAINT KEVIN'S,Class B,315404.85036136326,232861.21875107908
WMS1614,ROYAL EXCHANGE B,Class A,315807.68667720834,233613.81000984838
WMS2329,BEAUMONT D,Class B,318447.7629521176,238030.7284470728
WMS1047,MANSION HOUSE B,Class A,315952.48904686095,233566.16370485522
WMS3509,KIMMAGE A,Class B,312323.84093024815,231220.75749315054
WMS5025,CLONTARF WEST E,Class B,317355.9323389005,236959.76231837168
WMS1958,MOUNTJOY A,Class A,316479.61298370326,234928.32230952024
WMS5222,RATHFARNHAM,Class B,315840.083595554,230436.7863138576
WMS4366,SOUTH DOCK,Cast Iron,317291.35475358256,233397.88227181206
WMS1730,BALLYGALL B,Bigbelly Bin,313671.2856654709,239078.98757822573
WMS3448,KILMORE D,Class B,319793.11063726887,239270.09471313504
WMS0037,ROTUNDA A,Class A,316058.1282306036,235136.7488246263
WMS4522,RAHENY-St. ASSAM,Cast Iron,321543.85328152264,238181.3705829779
WMS0014,BALLYMUN C,Class A,315531.0866337564,239833.26756848706
WMS3379,INCHICORE B,Class B,311014.13332659466,232322.72492889687
WMS1852,PEMBROKE EAST A,Class B,318842.76186357834,233977.2031063554
WMS5334,WHITEHALL B,Class B,315800.4829186664,239147.5372628739
WMS2556,WHITEHALL A,Class B,316469.26881439326,237598.37190451424
WMS5204,PEMBROKE EAST D,Class B,317780.79461613763,231063.81990270273
WMS3467,GRANGE A,Class B,321563.7625767899,240643.05646954992
WMS4555,DRUMFINN,Cast Iron,309549.00649250566,233714.97551458396
WMS5137,KILMAINHAM C,Class B,312705.1593649715,233447.71036781635
WMS1075,GRACE PARK,Bigbelly Bin,317932.67760477983,236872.3278649721
WMS2630,CLONTARF EAST A,Class B,321246.91610098595,237962.9671035743
WMS5205,WALKINSTOWN A,Class B,311299.1852282106,231435.99783418077
WMS0834,MANSION HOUSE A,Class A,316185.8468603041,234194.4035760733
WMS0468,ROYAL EXCHANGE A,Class A,315485.0651945404,234010.58192447136
WMS1580,SAINT KEVIN'S,Class A,315757.5923877825,232498.00573788775
WMS0020,BALLYMUN C,Class A,315551.6113231934,239500.26696719867
WMS3279,CRUMLIN C,Class B,313417.10643404914,232817.47540102203
WMS5127,WALKINSTOWN C,Class B,311299.13539228577,230926.79631331045
WMS4496,USHERS C,Cast Iron,314038.5196980635,233807.50683398393
WMS3786,AYRFIELD,Class B,320862.2356559165,239885.15133315057
WMS3447,DRUMFINN,Class B,309323.00399972807,233907.45143648706
WMS1080,MOUNTJOY A,Bigbelly Bin,316152.25508189155,235103.61109348165
WMS0320,ROTUNDA B,Class A,315568.32262367586,234787.61894972378
WMS1419,CLONTARF EAST C,Class A,319416.3382983771,235878.83406986206
WMS0760,GRANGE E,Class A,321954.3687749281,239493.13388236336
WMS2005,BOTANIC B,Class B,316171.123496537,236636.72220770226
WMS0028,BALLYMUN C,Class A,316169.89057280886,239406.86845310612
WMS0981,USHERS E,Class A,313371.43645600387,233092.306481138
WMS0319,ROTUNDA B,Class A,315699.57550050947,234901.88868773158
WMS0345,RATHMINES WEST B,Class A,315649.7015878914,231918.20028715825
WMS4512,MERCHANTS QUAY C,Cast Iron,314568.5581541697,233352.25948288923
WMS4673,GRANGE E,Cast Iron,321419.4579485599,238376.4057354135
WMS4116,GRACE PARK,Cast Iron,317419.1412036726,237273.9695649426
WMS1063,BALLYGALL A,Bigbelly Bin,313183.07142248406,239007.43240541464
WMS2864,INNS QUAY A,Class B,315502.0239247442,235821.69702251974
WMS0507,BALLYGALL C,Class A,315044.4784517074,239118.81197427577
WMS2834,CLONTARF EAST D,Class B,318872.61804100854,236054.02583672618
WMS1512,SAINT KEVIN'S,Class A,315762.7352738749,233245.50008055108
WMS1277,NORTH DOCK C,Bigbelly Bin,317204.5681906777,234715.40452355897
WMS5159,RATHFARNHAM,Class B,315127.8918020623,230040.61505899695
WMS0447,WOOD QUAY A,Class A,315240.4309000908,234122.92308609997
WMS3197,RATHMINES WEST F,Class B,315249.1079919265,231294.5872387069
WMS0789,SOUTH DOCK,Class A,317080.06281031354,233238.8784474251
WMS3965,CABRA WEST C,Class B,313669.12715798523,235951.67987560466
WMS0271,NORTH CITY,Class A,315612.24862789497,234582.451751401
WMS1996,CLONTARF EAST B,Class A,320269.7973489254,235677.18508441717
WMS0617,ROYAL EXCHANGE B,Class A,315894.3560048727,233600.05060768587
WMS1292,MANSION HOUSE A,Bigbelly Bin,316963.18124874367,234332.50852116648
WMS3008,PEMBROKE EAST D,Class B,317940.54398989875,231247.2411997516
WMS5080,BALLYMUN D,Class B,315170.41287363484,239696.2988406145
WMS4757,PEMBROKE WEST A,Class B,317681.06703262776,233282.07852269968
WMS5188,CRUMLIN D,Class B,313032.0862928623,232098.59917584306
WMS2643,CLONTARF EAST B,Class B,320464.12150229217,236678.58465175022
WMS1669,ASHTOWN A,Dog Bin,312355.35812196246,237243.9705513319
WMS0362,NORTH CITY,Class A,315677.6068238454,234303.98309812986
WMS1235,SOUTH DOCK,Bigbelly Bin,317743.19891823194,234257.61048725774
WMS4704,MERCHANTS QUAY C,Cast Iron,314459.05253551103,233630.01126803076
WMS3552,PEMBROKE EAST E,Class B,318432.27156725555,232044.8791381495
WMS0690,ROYAL EXCHANGE B,Class A,315843.13393867435,233445.69703405365
WMS0593,MERCHANTS QUAY B,Class A,315113.6693974423,233772.74932790577
WMS0984,USHERS D,Class A,313562.1114510649,233039.31126104484
WMS2082,BALLYMUN F,Class B,314551.04415572295,239636.06230405552
WMS4035,KILMORE A,Cast Iron,317739.5560900514,240075.9202846653
WMS0825,MANSION HOUSE A,Class A,316078.3708176273,234211.7351836396
WMS2216,CLONTARF EAST A,Class B,321264.5713596463,237986.1523150286
WMS1861,NORTH DOCK C,Class A,316424.69321585994,234673.88604845686
WMS4744,MANSION HOUSE A,Class A,316609.3018322703,234388.97511014255
WMS0011,BALLYMUN B,Class A,315531.25808730675,240302.09808455865
WMS0183,NORTH CITY,Class A,316000.24535455776,234441.51906500902
WMS1666,CLONTARF EAST C,Dog Bin,319650.5929769712,235881.2229922999
WMS1089,ARRAN QUAY C,Bigbelly Bin,314691.814424966,234462.8625241444
WMS1245,SOUTH DOCK,Bigbelly Bin,317227.0087168587,234309.40149333724
WMS1931,NORTH DOCK B,Bigbelly Bin,317917.0380857351,234411.30364368606
WMS3957,CLONTARF WEST C,Class B,318257.02953743073,236500.17686528843
WMS3836,BALLYGALL C,Class B,315425.52060855436,237966.57894107795
WMS3760,PEMBROKE EAST C,Class B,319050.0328322723,232433.73649904542
WMS3189,PRIORSWOOD C,Class B,320821.57746302156,240390.63421930917
WMS3215,RATHFARNHAM,Class B,314441.59633272496,230033.04961494447
WMS0607,ROYAL EXCHANGE B,Class A,315744.18024432653,233630.6309251287
WMS0905,SAINT KEVIN'S,Bigbelly Bin,316063.10866338003,232569.23664444155
WMS0019,BALLYMUN C,Class A,315541.35993821255,239598.95555694605
WMS3511,CLONTARF WEST C,Class B,318141.04517095524,236428.2009622935
WMS3295,USHERS A,Class B,313494.86191175575,233715.57277913997
WMS0707,SAINT KEVIN'S,Class A,315622.11977800156,232981.60079122827
WMS1387,ROYAL EXCHANGE A,Bigbelly Bin,315467.30243303115,234124.2000977363
WMS0896,PEMBROKE EAST C,Bigbelly Bin,319466.8796760173,232185.9506420844
WMS3947,CRUMLIN B,Class B,313363.15538968815,232843.4164264453
WMS3462,WALKINSTOWN A,Class B,311339.7780965878,231744.24138327717
WMS0997,USHERS D,Class A,313743.0188729939,233338.49406230426
WMS1449,MANSION HOUSE A,Class A,316012.64315825485,234381.62773630695
WMS2595,CLONTARF WEST D,Class B,317224.56849648745,236295.09659749517
WMS2221,WHITEHALL C,Class B,316979.1241343984,240070.43393909963
WMS0927,PEMBROKE WEST C,Bigbelly Bin,317101.61090157414,232845.7225330282
WMS2822,ASHTOWN B,Class B,311358.23689961416,236716.85383041235
WMS0350,NORTH CITY,Class A,315361.1481769165,234452.37365165676
WMS1878,SOUTH DOCK,Bigbelly Bin,317458.3768800931,234091.1663317175
WMS0721,SAINT KEVIN'S,Class A,315620.83312926436,232838.82093469583
WMS0013,BALLYMUN C,Class A,315530.6240494373,239898.14994478997
WMS2982,SAINT KEVIN'S,Class B,315484.1599876998,232584.57719240035
WMS2442,RAHENY-GREENDALE,Class B,322992.4300995966,238742.59894991192
WMS1911,NORTH DOCK C,Bigbelly Bin,316571.74791406456,234789.7021664772
WMS2043,FINGLAS NORTH A,Class B,312437.41972364805,240156.3860361086
WMS1261,SOUTH DOCK,Bigbelly Bin,317384.05187491886,234104.54659263868
WMS4196,ARRAN QUAY E,Cast Iron,314319.6882903447,234904.94781682466
WMS0819,MANSION HOUSE A,Class A,316498.6927279058,233766.48004609966
WMS1538,MOUNTJOY A,Bigbelly Bin,316224.8631301288,235065.66186672504
WMS3108,PEMBROKE EAST D,Class B,318261.83767050767,230827.22710763308
WMS3748,KILMAINHAM C,Class B,312638.26954127045,233560.0688563777
WMS4616,PEMBROKE WEST C,Cast Iron,317191.7577246052,233078.02390451272
WMS0173,NORTH CITY,Class A,316178.83243670827,234591.29938164345
WMS1567,NORTH DOCK B,Class B,317363.6263017944,235483.7555261794
WMS3917,BOTANIC A,Class B,315178.9297878493,237535.30027257666
WMS0583,WOOD QUAY A,Class A,315209.96064499783,233377.81652323803
WMS0307,ROTUNDA A,Class A,315690.1412604139,235183.97801602774
WMS3988,BEAUMONT B,Class B,318532.4413998607,239054.02925351533
WMS1513,ROYAL EXCHANGE B,Class A,315735.60950649926,233199.54378324014
WMS5342,PEMBROKE WEST A,Bigbelly Bin,317533.8106301526,233740.88641597645
WMS4028,KILMORE A,Cast Iron,317710.4315296169,240266.12939772694
WMS3793,FINGLAS NORTH C,Class B,313746.3753696421,239679.0385649945
WMS0641,ROYAL EXCHANGE B,Class A,315874.36352347914,233992.3301936334
WMS4647,MANSION HOUSE B,Cast Iron,316491.67275699566,233335.46130756306
WMS4748,BEAUMONT B,Class A,318462.2948956139,239066.28449406632
WMS2761,GRACE PARK,Class B,318135.415811416,236850.28748704062
WMS1495,NORTH CITY,Class A,315684.4394591375,234454.03561108033
WMS0215,NORTH CITY,Class A,315953.64001382294,234544.11721456735
WMS4531,DRUMFINN,Cast Iron,309781.45302726305,233695.77898168046
WMS3652,KIMMAGE E,Class B,312791.8297705534,230786.58243956952
WMS4244,ROTUNDA A,Cast Iron,315792.5898096871,235283.78062231754
WMS1611,NORTH CITY,Class A,315771.2643440679,234627.91891185354
WMS3618,INNS QUAY A,Class B,315602.3791998825,235637.4487286703
WMS3599,KIMMAGE C,Class B,314807.6153422259,232126.50387548853
WMS1790,CLONTARF WEST D,Bigbelly Bin,317610.5001036887,236299.31886603453
WMS3441,DECIES,Class B,310110.96592779295,233241.30119397247
WMS4742,MOUNTJOY B,Cast Iron,316027.9331818761,235488.1477831433
WMS2441,RAHENY-GREENDALE,Class B,322946.2719049276,238778.91565737905
WMS0392,USHERS F,Class A,313651.1594227321,233773.63812502893
WMS3214,RATHFARNHAM,Class B,314529.8768584237,230215.04390569497
WMS4575,MOUNTJOY A,Cast Iron,316310.16253415076,234979.81235935725
WMS4434,SAINT KEVIN'S,Cast Iron,315565.24889938673,233057.6119486792
WMS5229,FINGLAS SOUTH A,Class B,312644.2896885294,238582.34859033473
WMS5300,BALLYMUN E,Class B,315201.8737031572,239116.80257827285
WMS2299,KILMORE D,Class B,318822.55010340817,239610.8383786445
WMS4045,BEAUMONT D,Cast Iron,318423.8497857031,238595.95546208572
WMS5042,BEAUMONT C,Class B,319047.7896114852,238833.56735628945
WMS1778,PRIORSWOOD C,Bigbelly Bin,320140.0599765377,240540.50014511013
WMS0972,SOUTH DOCK,Class A,316975.4552662972,233706.5264611019
WMS2372,PRIORSWOOD A,Class B,319415.62905289535,240611.70393430715
WMS5103,MOUNTJOY B,Class B,316039.30132524285,235695.32859512657
WMS3754,GRANGE A,Class B,321015.1041544242,240554.66109072985
WMS4682,USHERS C,Cast Iron,314490.41846409516,233706.15344949742
WMS3976,KIMMAGE C,Class B,314373.3988588963,232489.22205382865
WMS5148,CRUMLIN D,Class B,312667.77766405547,232104.80940792334
WMS4236,MOUNTJOY A,Cast Iron,316254.33437472454,235245.91635133096
WMS1978,ROYAL EXCHANGE B,Class A,315752.8109161869,233703.6904100946
WMS1059,MANSION HOUSE B,Class A,315864.92107225367,233286.5150024134
WMS1761,RATHMINES WEST F,Dog Bin,314764.9217175431,231137.6170962477
WMS0842,SOUTH DOCK,Class A,317030.9839868381,233936.37802833458
WMS3570,FINGLAS NORTH C,Class B,313196.87403702596,239103.2201139145
WMS1886,BALLYMUN D,Bigbelly Bin,315508.92959790677,239669.66024112064
WMS5269,BOTANIC C,Class B,315364.447522981,236210.32728310375
WMS3600,CLONTARF WEST A,Class B,319364.8018928271,238397.13583434356
WMS0918,PEMBROKE WEST C,Bigbelly Bin,316950.5539180669,232339.85769830868
WMS1402,BALLYGALL B,Class A,314701.0580579297,238296.53660804877
WMS3886,WHITEHALL D,Class B,317278.9563733914,238940.74969308777
WMS3073,PEMBROKE EAST D,Class B,319303.2014877885,231228.7950472863
WMS1619,WOOD QUAY A,Bigbelly Bin,315123.5923313384,233452.93953741185
WMS4217,ROTUNDA A,Cast Iron,315747.4740764579,235272.39552479336
WMS0246,NORTH CITY,Class A,315944.9582639966,234471.69058890577
WMS0415,ROTUNDA B,Class A,315326.3880841038,234684.95708445116
WMS4764,GRACE PARK,Class A,318023.6724804513,236813.24636651354
WMS4540,DRUMFINN,Cast Iron,309675.1099710338,233691.18327447888
WMS3740,PEMBROKE EAST B,Class B,318308.81564244,233070.37945341744
WMS0170,NORTH CITY,Class A,316232.47680615226,234613.40052831022
WMS4726,CLONTARF WEST B,Cast Iron,319343.2128317555,237214.0183569928
WMS0935,PEMBROKE WEST C,Bigbelly Bin,316649.736618385,232799.7646453099
WMS3859,PHOENIX PARK,Class B,313206.0678513414,234443.24713223067
WMS0557,ROYAL EXCHANGE A,Class A,315640.0044975199,233966.57549316506
WMS5090,WHITEHALL C,Class B,317042.9894975469,239811.1002021993
WMS3994,RATHMINES EAST B,Class B,316916.55453274737,231515.35937483137
WMS0471,ROYAL EXCHANGE A,Class A,315582.1999561398,234029.16698636438
WMS1022,NORTH CITY,Class A,315959.55441916257,234477.09109743597
WMS2566,GRACE PARK,Class B,317473.560455759,237263.3283763262
WMS0351,NORTH CITY,Class A,315372.04380373546,234408.42305689715
WMS0627,ROYAL EXCHANGE B,Class A,315934.99580004043,233783.16454064834
WMS4117,GRACE PARK,Cast Iron,317418.2924863445,237251.98374319138
WMS1201,NORTH DOCK B,Bigbelly Bin,318001.5284017652,234369.9864042658
WMS1572,MANSION HOUSE A,Class A,316587.87959589105,233756.48204001036
WMS4612,BEAUMONT D,Cast Iron,318634.27137764735,238569.5477177695
WMS3584,FINGLAS NORTH B,Class B,312816.04091853986,239058.67436660628
WMS2700,DRUMCONDRA SOUTH A,Class B,316259.94929501053,236884.0508128526
WMS0729,SAINT KEVIN'S,Class A,315693.01662357233,232495.65736316537
WMS0912,PEMBROKE WEST B,Bigbelly Bin,317668.7205193969,232690.43660263662
WMS0768,WOOD QUAY B,Class A,315199.8586764424,232420.54687340173
WMS3826,PRIORSWOOD D,Class B,320391.73386653943,240169.18224532664
WMS1584,WALKINSTOWN A,Class B,310827.00573965686,231636.97193485362
WMS1456,NORTH CITY,Class A,315904.9066960431,234398.12770358787
WMS4206,MOUNTJOY B,Cast Iron,316157.23281486396,235407.5516643699
WMS5007,RATHMINES EAST D,Class B,316255.6370587549,231499.08424256428
WMS1976,ROYAL EXCHANGE B,Class A,315775.94307785865,233837.68979142257
WMS1868,WALKINSTOWN A,Class A,311153.6086663404,231504.5127558383
WMS1757,INNS QUAY A,Bigbelly Bin,315895.86844601185,235965.60142601392
WMS3535,DRUMCONDRA SOUTH C,Class B,316017.422936602,237438.7626030395
WMS1134,ROYAL EXCHANGE A,Bigbelly Bin,315910.69691853295,234312.5271868467
WMS0299,NORTH CITY,Class A,315522.6561512047,234362.50213372306
WMS3623,GRANGE B,Class B,322577.1766737566,240371.38502835183
WMS5088,WHITEHALL B,Class B,315514.2012274232,239069.03549024826
WMS3941,PEMBROKE EAST A,Class B,318411.5487309908,233487.22331781255
WMS4181,ARRAN QUAY E,Cast Iron,313787.56237042043,235264.17628513023
WMS1323,ROYAL EXCHANGE B,Class A,315576.788308281,233627.28098608743
WMS1150,ROYAL EXCHANGE A,Bigbelly Bin,315432.42746672523,234108.99704660568
WMS2619,RAHENY-St. ASSAM,Class B,322787.53931481653,238156.1145498911
WMS5245,CABRA EAST A,Class B,314830.7685608374,235873.01863947153
WMS1154,ROYAL EXCHANGE A,Bigbelly Bin,315723.90718582255,234193.57706273042
WMS3109,PEMBROKE EAST D,Class B,318298.3091548061,230812.7952424733
WMS4011,BALLYGALL A,Cast Iron,313162.0383454249,239054.0555955669
WMS2900,NORTH DOCK C,Class B,316909.88778303907,234821.2293542149
WMS3161,RATHMINES WEST A,Class B,315526.4426161055,231945.09945502446
WMS5185,ARRAN QUAY B,Class B,314794.5842227031,234903.0094542519
WMS1737,ROYAL EXCHANGE A,Class A,315931.98129607266,234070.9831949994
WMS1933,CABRA EAST A,Bigbelly Bin,315097.05502894666,236282.2261825225
WMS0582,WOOD QUAY A,Class A,315247.36430562125,233370.01456131204
WMS5294,ASHTOWN A,Class B,312533.0244518252,236357.1686658735
WMS0048,CLONTARF EAST B,Class A,320183.18321246305,235717.06807758004
WMS5249,KIMMAGE E,Class B,313405.9884825955,230453.08938478996
WMS5020,BEAUMONT C,Class B,318740.82655235496,238635.85503121215
WMS3683,GRACE PARK,Class B,317413.6075287317,237164.24668155055
WMS1485,MOUNTJOY A,Class A,316765.7348340961,235198.7519309806
WMS2330,BEAUMONT D,Class B,318336.1588061901,238036.66933038822
WMS1759,PEMBROKE EAST A,Bigbelly Bin,321117.7749875994,233512.87182747148
WMS3377,INCHICORE B,Class B,311060.6880888159,232294.14486082116
WMS1848,BOTANIC A,Bigbelly Bin,315283.74107937893,237290.6290470318
WMS0506,ROYAL EXCHANGE B,Class A,315853.3249725371,233793.73136479885
WMS1945,ROTUNDA B,Class A,315575.8409280918,235038.1058609087
WMS5178,BALLYMUN F,Class B,314318.948117598,239445.5754424229
WMS5353,NORTH DOCK B,Bigbelly Bin,317567.7414122303,234484.02255862346
WMS4133,ARRAN QUAY D,Cast Iron,313408.34789562825,234812.79616379787
WMS3378,INCHICORE B,Class B,311013.5351834188,232310.0477803492
WMS3572,CLONTARF WEST C,Class B,318033.67036763096,236704.04360845502
WMS0266,NORTH CITY,Class A,315686.76870601304,234614.3341773832
WMS4343,SOUTH DOCK,Cast Iron,316433.3107654429,232781.26431819354
WMS4200,ROTUNDA A,Cast Iron,315965.41291920573,235431.09150360138
WMS5155,CLONTARF EAST A,Class B,320284.51618293964,237661.5931424604
WMS2493,RAHENY-St. ASSAM,Class B,322402.69673556765,238356.7679880476
WMS4319,ROYAL EXCHANGE A,Cast Iron,315393.48749412457,233635.09531848592
WMS0444,ROYAL EXCHANGE A,Class A,315289.5198770858,234034.48803481288
WMS2684,DRUMCONDRA SOUTH A,Class B,316381.22478878906,237263.7152732328
WMS0018,BALLYMUN C,Class A,315536.89292336506,239640.73959901687
WMS3999,WHITEHALL D,Class B,317258.56989867147,238621.52045904574
WMS1478,WOOD QUAY A,Class A,315197.02939964016,234116.81991466123
WMS2649,CLONTARF EAST B,Class B,320172.39643599355,236088.60874261163
WMS0679,MANSION HOUSE B,Class A,316231.7499997935,233398.26073497883
WMS2539,CLONTARF WEST B,Class B,318563.02561788354,237549.31517838928
WMS5253,CLONTARF EAST B,Class B,320534.2771451888,235756.00197346235
WMS3431,DRUMFINN,Class B,309334.8674341404,233976.80656400055
WMS1066,BALLYMUN D,Bigbelly Bin,315503.465631652,239717.31557340012
WMS2248,KILMORE A,Class B,317481.3926736977,240219.6678885336
WMS3023,PEMBROKE EAST A,Class B,318885.2600988913,233183.9674740663
WMS2779,CABRA WEST D,Class B,313390.90497155214,235874.65718197025
WMS0180,NORTH CITY,Class A,316019.3613534263,234544.3210977485
WMS5351,PEMBROKE EAST C,Bigbelly Bin,319428.2840860805,232308.359314681
WMS5257,ASHTOWN A,Class B,312856.133607044,236458.23980145212
WMS5196,CLONTARF WEST E,Class B,318055.6817452873,236769.29378382638
WMS1988,KILMORE D,Class A,319736.70315752976,238947.03768630206
WMS2996,WOOD QUAY B,Class B,315062.0593821786,232730.47986930262
WMS2923,INNS QUAY A,Class B,315273.7978462625,235703.46635403793
WMS3229,TERENURE A,Class B,314707.78861400875,231638.9873346018
WMS2142,WHITEHALL A,Class B,315672.7531055413,238833.68252536617
WMS1266,BALLYBOUGH A,Bigbelly Bin,316780.8053967579,235271.7404793614
WMS2261,WHITEHALL D,Class B,317550.026172092,238742.88263270585
WMS2550,CLONTARF WEST C,Class B,317944.45519405964,236476.0105550134
WMS1749,CABRA EAST A,Bigbelly Bin,315071.40917177196,236202.4318950357
WMS3542,FINGLAS SOUTH A,Class B,312289.80243981926,238983.54926287706
WMS1608,MERCHANTS QUAY B,Bigbelly Bin,315069.4321073672,233472.4768995987
WMS1833,ROYAL EXCHANGE A,Class A,315610.1988341921,234029.2532287979
WMS4311,ARRAN QUAY C,Cast Iron,314414.98051550775,234286.92951447534
WMS4372,MANSION HOUSE B,Cast Iron,316733.3716781304,233357.78497968515
WMS4438,PEMBROKE EAST B,Cast Iron,318910.57380794873,232850.88492812472
WMS3841,FINGLAS NORTH C,Class B,313530.08147327555,239730.4121883237
WMS1607,ROYAL EXCHANGE A,Bigbelly Bin,315978.2475446901,234287.04689543185
WMS5043,BEAUMONT C,Class B,319037.19194114336,238802.8412589684
WMS0926,PEMBROKE WEST C,Bigbelly Bin,317033.1470039811,232888.8077990382
WMS1035,NORTH CITY,Class A,315989.5424092166,234874.9391947842
WMS3555,BALLYBOUGH B,Class B,316382.74950481724,236033.87721613536
WMS1025,ROTUNDA A,Class A,315840.4426521643,234939.58211218918
WMS0314,ROTUNDA B,Class A,315605.4597322119,235003.17305169883
WMS0741,MANSION HOUSE B,Class A,316175.70305813523,233133.85788576418
WMS0763,ROYAL EXCHANGE B,Class A,315867.50899281725,233522.18906996658
WMS4248,ROTUNDA A,Cast Iron,316018.2464923867,235115.42545474935
WMS1079,BALLYBOUGH A,Bigbelly Bin,316636.2493499331,235525.0700816126
WMS0269,NORTH CITY,Class A,315648.2372359737,234601.68978532575
WMS2496,RAHENY-St. ASSAM,Class B,321712.16711261385,238305.78999975417
WMS1877,SOUTH DOCK,Bigbelly Bin,317644.8091284281,234052.45883714236
WMS1531,MANSION HOUSE A,Bigbelly Bin,316095.88015713304,234410.7416619662
WMS5350,CLONTARF EAST B,Bigbelly Bin,320564.13341586466,235767.70433253664
WMS0106,NORTH CITY,Class A,316330.79420618736,234658.032749921
WMS4508,MERCHANTS QUAY C,Cast Iron,314683.70412340004,233424.36966122518
WMS5117,DRUMCONDRA SOUTH C,Class B,316292.11697167484,237069.6966298512
WMS4054,BEAUMONT E,Cast Iron,318158.44106017245,237952.92701148373
WMS0894,PEMBROKE EAST C,Bigbelly Bin,319412.6501476473,232388.6353020836
WMS3576,ASHTOWN A,Class B,312045.3083387441,236575.27454563847
WMS3543,FINGLAS NORTH C,Class B,313949.83172814536,239146.7753977155
WMS5317,CLONTARF WEST C,Class B,318138.9623868938,236309.39650010652
WMS0361,NORTH CITY,Class A,315639.74058797205,234290.81941821214
WMS0473,ROYAL EXCHANGE A,Class A,315655.0697572753,234031.29506003932
WMS0234,ROTUNDA A,Class A,315874.84429486125,234928.68867691234
WMS4564,PHOENIX PARK,Cast Iron,312569.2607153793,234392.43296445085
WMS1695,MERCHANTS QUAY C,Dog Bin,314278.4361601094,233562.88523539488
WMS1446,SAINT KEVIN'S,Class A,315603.74178669066,233080.2574967662
WMS3167,RATHMINES EAST B,Class B,316925.04876135255,230760.51935959188
WMS1839,ROYAL EXCHANGE A,Class A,315971.42523731873,234051.3134373194
WMS1768,ROYAL EXCHANGE A,Class A,315687.5804832439,233915.4882689466
WMS0227,NORTH CITY,Class A,315868.1456726478,234848.26968071747
WMS3560,INNS QUAY B,Class B,315291.6271183442,235677.99477469883
WMS4461,CHAPELIZOD,Cast Iron,309535.58960438013,234767.78544673728
WMS4474,USHERS B,Cast Iron,314487.9833774902,233919.62791159085
WMS1581,ROYAL EXCHANGE B,Class A,315705.09883238235,233694.8686591736
WMS0899,PEMBROKE EAST C,Bigbelly Bin,319558.05399439007,231912.4249100642
WMS3845,USHERS F,Class B,313394.45000321104,233674.0093262133
WMS2188,BALLYMUN C,Class B,315868.97828385595,239770.07664055796
WMS5279,CLONTARF WEST B,Class B,319007.19597204146,237852.7370651298
WMS1574,MOUNTJOY A,Bigbelly Bin,316567.23309498094,234857.22423616398
WMS4487,MERCHANTS QUAY B,Cast Iron,314677.8217184529,233855.29984040844
WMS3247,KIMMAGE B,Class B,313571.56910312286,231820.86127463335
WMS2520,CLONTARF WEST A,Class B,319478.42020815617,238223.7478862941
WMS1798,WHITEHALL B,Bigbelly Bin,316746.49332496343,239019.5285059194
WMS2805,ASHTOWN A,Class B,312036.92218488734,236695.3488302224
WMS3705,BOTANIC A,Class B,315256.64967613015,237909.68971458238
WMS4008,BALLYGALL A,Cast Iron,313264.2144878488,239088.49582055636
WMS4228,MOUNTJOY B,Cast Iron,316139.94769810373,235194.18118452182
WMS0408,MERCHANTS QUAY E,Class A,314860.0726718759,232675.3106535598
WMS0830,MANSION HOUSE B,Class A,316101.6821068614,233713.67641892584
WMS2565,DRUMCONDRA SOUTH C,Class B,315742.2399670377,237800.31379828995
WMS5262,SAINT KEVIN'S,Class B,315405.97147552855,232844.4815284845
WMS2543,CLONTARF WEST D,Class B,318026.91223347094,236712.78949218197
WMS3813,FINGLAS NORTH C,Class B,313275.5354626492,239124.55577396986
WMS0725,SAINT KEVIN'S,Class A,315666.45400152256,232570.26313864655
WMS2236,WHITEHALL C,Class B,316941.43987751036,239206.5976128732
WMS2555,WHITEHALL A,Class B,316276.1935722886,237662.1801337611
WMS3969,BALLYMUN F,Class B,314310.47725825553,239587.03163913323
WMS0531,ROYAL EXCHANGE A,Class A,315730.36860917875,234255.3224876842
WMS3172,RATHMINES EAST C,Class B,316520.9257847026,230409.04431299173
WMS3821,PEMBROKE WEST A,Class B,317682.0515125604,233350.48060708903
WMS0213,NORTH CITY,Class A,315977.2380899452,234475.3994259705
WMS1561,NORTH CITY,Class A,315665.1956448068,234466.8499634573
WMS2470,GRANGE E,Class B,321400.9609865959,238481.77169994032
WMS3030,PEMBROKE EAST C,Class B,319548.9939722208,231838.6306919238
WMS4313,PHOENIX PARK,Cast Iron,313778.2684049809,234411.72366879042
WMS1770,ROYAL EXCHANGE B,Class A,315814.78046132094,233912.99707182462
WMS4715,SAINT KEVIN'S,Cast Iron,316137.32700532395,232643.39069558907
WMS0084,BALLYBOUGH B,Class A,315870.1566747528,235865.0824627292
WMS0801,MANSION HOUSE B,Class A,315905.3435839015,233677.0449321129
WMS0692,RATHMINES EAST B,Class A,317405.7855674266,230678.2837720077
WMS0677,MANSION HOUSE B,Class A,316162.30544518493,233455.530714138
WMS0974,MANSION HOUSE B,Class A,316057.50326239155,233743.27632367745
WMS4178,MOUNTJOY B,Cast Iron,315916.47924446705,235537.4864087925
WMS4432,SAINT KEVIN'S,Cast Iron,315632.13406865834,232533.18951875446
WMS3494,CHAPELIZOD,Class B,310310.1005040082,234147.38079966715
WMS3809,WALKINSTOWN C,Class B,312278.6962834478,231269.64382560513
WMS4018,BALLYGALL A,Cast Iron,313267.0615698662,238934.51434930594
WMS1897,INNS QUAY C,Class A,315268.6216849779,234217.92510237318
WMS1735,CARNA,Bigbelly Bin,309515.49837771535,233690.2523329517
WMS4085,CLONTARF EAST A,Cast Iron,321417.13124276407,238204.0971152857
WMS4176,MOUNTJOY B,Cast Iron,315892.6638926758,235573.80251352227
WMS1984,GRANGE A,Class A,321650.98549338116,240639.7394496985
WMS4110,WHITEHALL A,Cast Iron,316242.4343894548,237960.10906856763
WMS1914,GRANGE A,Class A,321212.40649117844,240896.3030967397
WMS3562,HARMONSTOWN B,Class B,320100.1727918935,237834.11322809008
WMS5206,WALKINSTOWN B,Class B,311665.42522608384,231339.48527767728
WMS4636,MERCHANTS QUAY C,Cast Iron,314691.1626863355,233404.96613697655
WMS0685,MANSION HOUSE B,Class A,315959.11490050005,233247.9536971175
WMS1905,NORTH CITY,Class A,315613.3042220744,234789.79752940414
WMS3166,RATHMINES EAST B,Class B,316814.752555211,230399.63637056964
WMS3962,CABRA EAST B,Class B,314071.3866910455,235900.5192919994
WMS3720,FINGLAS NORTH A,Class B,312563.1379284008,240205.73799649757
WMS3848,CARNA,Class B,309513.3631888835,233622.97216056482
WMS3622,GRANGE B,Class B,322710.4943869109,240360.62268148147
WMS5097,ASHTOWN A,Class B,312860.34104334936,236712.58648609172
WMS5009,CLONTARF EAST D,Class B,318956.80377390323,236000.85058051726
WMS0228,NORTH CITY,Class A,315864.0999556703,234860.2935440353
WMS1459,CABRA WEST D,Class A,313085.0086286548,236030.7121528636
WMS3217,TERENURE D,Class B,314451.65990726976,229862.4409661206
WMS4321,WOOD QUAY A,Cast Iron,315178.32497107505,233481.0126735454
WMS1055,BALLYMUN B,Class A,315284.88642082637,240108.87325822999
WMS1331,CLONTARF EAST A,Class A,321310.82717138325,237762.52260124488
WMS0302,ROTUNDA A,Class A,315780.13273814943,235061.98029546227
WMS3732,EDENMORE,Class B,320875.81924089615,239168.02508657926
WMS3959,HARMONSTOWN A,Class B,319701.25939788093,238581.45276004125
WMS1835,ROYAL EXCHANGE A,Class A,315688.51397205936,234033.4874729391
WMS4653,USHERS B,Cast Iron,313921.20610525494,233918.73439624516
WMS3401,INCHICORE A,Class B,311878.06849412515,233403.19962403658
WMS2941,INNS QUAY C,Class B,315230.45635355,234785.38189858157
WMS1681,EDENMORE,Dog Bin,320783.3680914986,238678.80094935707
WMS5158,RATHFARNHAM,Class B,315110.2661594824,230120.67711372688
WMS3814,BALLYBOUGH A,Class B,316649.70359840035,236052.52585953602
WMS3655,KIMMAGE E,Class B,312817.2797562028,230864.48348522082
WMS0612,ROYAL EXCHANGE B,Class A,315831.46153030463,233596.61650528066
WMS3843,CABRA EAST C,Class B,314484.2007307535,235876.77823095294
WMS0069,BOTANIC C,Class A,316027.24557146715,236211.86581534316
WMS1412,CLONTARF EAST D,Class A,318819.6173100763,236027.68004242703
WMS4547,DRUMFINN,Cast Iron,309875.0309423879,233686.11465415097
WMS4457,USHERS A,Cast Iron,312843.60161791526,233704.08739249868
WMS1732,BALLYMUN B,Class A,315150.7272766019,240181.1566141987
WMS4589,USHERS C,Cast Iron,314111.9738027004,233704.39760532088
WMS4506,MERCHANTS QUAY C,Cast Iron,314392.49297360674,233333.1895229261
WMS4074,GRANGE C,Cast Iron,322372.3078074675,239970.9188765718
WMS1927,ROYAL EXCHANGE B,Class A,315632.0729382633,233800.58421171491
WMS2212,WHITEHALL B,Class B,316847.58942636487,238893.71970482025
WMS0839,MANSION HOUSE A,Class A,316710.21105582983,234028.70376226903
WMS1401,BALLYGALL C,Class A,314754.0028588818,238232.83450706792
WMS2735,CABRA EAST A,Class B,314136.1605302303,236988.55550375316
WMS1707,WOOD QUAY B,Dog Bin,315238.5448512866,232427.22558411508
WMS3831,CLONTARF WEST A,Class B,319902.2635562177,238016.37503942466
WMS4660,MERCHANTS QUAY B,Cast Iron,315006.4584432429,233600.02396259332
WMS5147,CRUMLIN B,Class B,313308.01580016385,232370.41755331206
WMS0906,PEMBROKE WEST B,Bigbelly Bin,317709.49641920335,232607.443845125
WMS4614,SAINT KEVIN'S,Cast Iron,316109.46872035053,233087.230082147
WMS0797,SOUTH DOCK,Class A,316918.9837487303,233719.55512365483
WMS0633,MANSION HOUSE B,Class A,315971.13649471645,233861.4915275061
WMS5102,KILMORE C,Class B,319392.9868084711,239602.82015842403
WMS3864,PEMBROKE EAST C,Class B,319379.3110760895,232395.48156124013
WMS4739,MOUNTJOY B,Cast Iron,316124.98498044943,235386.68073137794
WMS4062,PRIORSWOOD A,Cast Iron,319280.30152847175,240662.32043339446
WMS2472,HARMONSTOWN A,Class B,320255.7324782427,238480.99380758379
WMS1760,RATHFARNHAM,Class A,315104.92313364777,230326.2398159112
WMS2859,BALLYBOUGH A,Class B,316825.69005696964,235715.5100793387
WMS4695,DRUMFINN,Cast Iron,309890.9911790828,233687.34781047632
WMS1045,MANSION HOUSE B,Class A,316079.70731898496,233790.28976720345
WMS1247,SOUTH DOCK,Bigbelly Bin,317226.30909329077,234125.22456126934
WMS2853,BALLYBOUGH B,Class B,316581.4440454474,235511.74196920032
WMS3669,FINGLAS SOUTH C,Class B,312381.74324251123,238335.6969956903
WMS3883,KILMORE A,Class B,318005.11523430725,239575.91085496845
WMS4687,KILMORE A,Cast Iron,317707.4059150105,240200.71690727078
WMS0189,NORTH CITY,Class A,316159.85111175384,234497.0587659285
WMS1182,MOUNTJOY B,Bigbelly Bin,316252.15759910335,235621.32138343062
WMS1713,SAINT KEVIN'S,Dog Bin,316104.46578355477,232582.98053208526
WMS0600,ROYAL EXCHANGE B,Class A,315625.79066038085,233717.97909295882
WMS1100,MERCHANTS QUAY B,Bigbelly Bin,314907.3611404085,233903.87957142535
WMS0598,ROYAL EXCHANGE B,Class A,315702.8411744201,233592.53539747302
WMS2075,BALLYMUN E,Class B,314530.3274900015,239511.47934212428
WMS3503,ASHTOWN B,Class B,312341.6062895848,236437.51979681096
WMS4036,BEAUMONT B,Cast Iron,318109.7370395845,238706.68492588884
WMS4737,PRIORSWOOD D,Class A,319574.67645652685,240206.33809610308
WMS1871,ROYAL EXCHANGE A,Class A,315710.5113015523,234192.3150604923
WMS2066,BALLYMUN F,Class B,314157.00740693684,239462.852468139
WMS2876,BALLYBOUGH B,Class B,316268.3357943477,235651.33479048748
WMS0836,MANSION HOUSE A,Class A,316225.1557378636,234180.20883354172
WMS0072,CLONTARF EAST B,Class A,321063.8500162607,236040.9098840149
WMS01856,MOUNTJOY A,Class A,316482.020505147,234786.29796497073
WMS4519,CRUMLIN F,Cast Iron,311983.3731452747,232025.3018598447
WMS4224,ROTUNDA A,Cast Iron,315829.1256670954,235364.01880366608
WMS1913,NORTH DOCK C,Bigbelly Bin,316358.542454071,234502.89991253358
WMS1575,MOUNTJOY A,Bigbelly Bin,316572.6415899329,234871.68549753306
WMS1834,ROYAL EXCHANGE A,Class A,315664.0618670339,234031.45436060647
WMS0726,RATHMINES WEST D,Class A,315170.45922481554,230484.3384584075
WMS4683,MERCHANTS QUAY F,Cast Iron,313953.4812094387,232889.1417851218
WMS1392,ROYAL EXCHANGE A,Bigbelly Bin,315917.1639755706,234218.41859463436
WMS3890,CABRA WEST D,Class B,313251.7638321918,235950.4849455524
WMS4039,BEAUMONT B,Cast Iron,318304.4070422052,238632.5210813749
WMS1997,CLONTARF EAST B,Class A,320465.5912406084,235691.14313206956
WMS2111,BALLYGALL C,Class B,315271.8662686667,239094.6825586077
WMS5108,NORTH DOCK B,Class B,317695.05938956956,235486.76475957918
WMS1815,NORTH CITY,Bigbelly Bin,316124.6710744287,234731.4970735989
WMS0847,SOUTH DOCK,Class A,317019.55292845715,233958.37128806807
WMS2559,CLONTARF WEST E,Class B,317423.419053567,237144.85424442924
WMS1386,RATHMINES WEST B,Bigbelly Bin,315627.2998855914,231693.1902863016
WMS0636,ROYAL EXCHANGE B,Class A,315970.8508921053,233912.83988373523
WMS3466,ASHTOWN A,Class B,311365.8310013791,236899.45608088837
WMS1857,MOUNTJOY A,Class A,316391.14782630734,234661.57848052424
WMS1343,KIMMAGE A,Bigbelly Bin,312282.0023260648,231293.74588945415
WMS0376,NORTH CITY,Class A,315717.99752618966,234458.81461833604
WMS4725,MERCHANTS QUAY D,Cast Iron,314452.3705775885,232882.41825482206
WMS3064,PEMBROKE EAST E,Class B,318593.67336766695,232294.436141176
WMS2280,BEAUMONT B,Class B,318426.30898277415,238864.3677470661
WMS0962,RATHMINES WEST A,Class A,315672.9129954471,232346.2837034687
WMS4544,DRUMFINN,Cast Iron,309814.2137008782,233682.12226843913
WMS3387,KILMAINHAM C,Class B,312318.3965927325,233457.13373985965
WMS2359,PRIORSWOOD D,Class B,320319.5893649772,240040.30950142734
WMS5031,GRANGE C,Class B,321991.30437683954,239656.41090866536
WMS3106,PEMBROKE EAST D,Class B,318613.6515060126,230567.0267841374
WMS4081,CLONTARF EAST A,Cast Iron,321470.4270863145,238222.02871724416
WMS4086,CLONTARF EAST A,Cast Iron,321405.88405201933,238210.93598696074
WMS0645,ROYAL EXCHANGE A,Class A,315800.1731083048,233993.94331638716
WMS4290,MOUNTJOY A,Cast Iron,316339.78389798704,234901.20727271336
WMS5036,CLONTARF WEST A,Class B,319502.9034905805,238008.8801546345
WMS1943,BALLYBOUGH A,Class A,317018.2870024124,235972.53956663996
WMS4476,USHERS B,Cast Iron,314334.2544674506,233932.86865401163
WMS3430,DRUMFINN,Class B,309312.23821747216,233994.5907964322
WMS3817,ARRAN QUAY A,Class B,314768.62464951165,235800.25030203536
WMS3561,CABRA EAST C,Class B,314142.6742066487,235879.6033469065
WMS0943,RATHMINES WEST B,Class A,315690.58975065604,232393.2517035042
WMS0901,PEMBROKE EAST C,Bigbelly Bin,319583.88140027167,231717.19787893372
WMS5337,CABRA WEST C,Class B,312723.58600082656,236259.38039064987
WMS3912,PRIORSWOOD D,Class B,320020.96722372575,240129.56263188948
WMS0046,CLONTARF EAST C,Class A,319323.29266523145,235877.21028385017
WMS1863,BALLYGALL B,Class B,313971.3038109031,238754.03873637767
WMS1944,WHITEHALL D,Bigbelly Bin,317245.0902246757,238936.88791158434
WMS4534,DRUMFINN,Cast Iron,309726.8867784835,233700.70104489187
WMS5332,USHERS D,Class B,313507.9407058602,233060.1922248392
WMS4225,ROTUNDA A,Cast Iron,315862.0310478143,235323.76308628658
WMS1458,CABRA WEST D,Class A,313060.8733167236,235959.35552350077
WMS4454,SAINT KEVIN'S,Cast Iron,315902.1381794243,232599.68020863162
WMS2132,BALLYGALL C,Class B,315305.2801470434,238697.41723776626
WMS5121,NORTH DOCK B,Class B,317781.310837909,235454.93724307462
WMS3367,KIMMAGE A,Class B,312467.3342823204,231213.78355072177
WMS5011,CLONTARF EAST D,Class B,319160.872121041,235928.41644904594
WMS5134,INCHICORE A,Class B,311650.02621738915,233169.11889407178
WMS2349,KILMORE C,Class B,319142.50398244057,239623.16419868608
WMS2575,WHITEHALL D,Class B,317023.088629892,237600.43637682687
WMS4650,NORTH CITY,Cast Iron,315995.07631580933,234763.11991426852
WMS3498,BALLYMUN F,Class B,314105.00465226074,239451.93651476156
WMS1372,GRANGE D,Bigbelly Bin,321917.21150290366,239191.68620068097
WMS4383,MANSION HOUSE B,Cast Iron,316498.3263284116,233578.7502605162
WMS2091,BALLYGALL C,Class B,315056.5838632423,238703.3724112218
WMS0898,PEMBROKE EAST C,Bigbelly Bin,319550.48119839956,231986.08743212483
WMS2455,AYRFIELD,Class B,320733.11100267165,239905.87337907837
WMS0143,CHAPELIZOD,Class A,309731.61447807576,234573.7366285357
WMS4440,PEMBROKE EAST B,Cast Iron,318942.8297540056,232800.2064102572
WMS4257,MOUNTJOY A,Cast Iron,316342.0147654265,234697.40466246902
WMS1347,RATHMINES EAST D,Class A,316328.2313203696,231934.93509777193
WMS2130,BALLYGALL C,Class B,315252.54697754624,238700.67370456914
WMS1077,CLONTARF WEST D,Bigbelly Bin,317891.6545265026,236387.30849332744
WMS0616,WALKINSTOWN A,Class A,311000.67842225154,231376.87609080476
WMS0235,NORTH CITY,Class A,315828.7028115971,234876.46040333784
WMS5349,CLONTARF EAST B,Bigbelly Bin,320561.9906852723,235767.6499839027
WMS4572,KILMAINHAM C,Cast Iron,312188.22685483063,233418.43760617907
WMS2201,WHITEHALL B,Class B,315924.00206579315,238887.3394158258
WMS2852,BALLYBOUGH B,Class B,316276.22622529155,235639.97072086253
WMS2873,BALLYBOUGH B,Class B,316379.3239583683,236060.93417453638
WMS3978,TERENURE D,Class B,314438.9921700096,229913.17413012177
WMS3368,WALKINSTOWN C,Class B,312217.8709171241,230891.0224613602
WMS3752,RAHENY-St. ASSAM,Class B,322680.03033109056,238078.2803895614
WMS1536,NORTH DOCK C,Bigbelly Bin,316511.9155608304,234532.20314876278
WMS5105,ASHTOWN A,Class B,312308.60625127173,236478.6161207161
WMS3442,INCHICORE B,Class B,310310.27598438226,232350.88235388632
WMS0300,RATHMINES EAST D,Class A,316439.69860142906,231863.0052234161
WMS3473,CARNA,Class B,308877.09221384535,233526.22824124226
WMS4107,CLONTARF EAST A,Cast Iron,320705.96148305706,237883.2719452418
WMS0263,USHERS A,Class A,313660.8813425534,233797.96120000078
WMS1071,BALLYBOUGH A,Bigbelly Bin,316937.0843820778,235438.9527762946
WMS5290,CLONTARF WEST D,Class B,317523.8217319535,236211.29335635024
WMS1969,MANSION HOUSE B,Class A,315942.5679032206,233780.49613013965
WMS4503,USHERS C,Cast Iron,314170.8038976949,233223.316263251
WMS4358,SAINT KEVIN'S,Cast Iron,316098.3598289926,233051.647970759
WMS1664,WHITEHALL B,Dog Bin,316492.55138615554,238924.32087752453
WMS1036,NORTH CITY,Class A,316024.78484156914,234751.30496817405
WMS4578,NORTH DOCK C,Cast Iron,317206.0660723762,234748.97057292584
WMS4441,PEMBROKE EAST B,Cast Iron,318948.0864437264,232826.53890177558
WMS0402,NORTH CITY,Class A,315710.07746633445,234302.10324786633
WMS0815,MANSION HOUSE B,Class A,316268.960807054,233838.39554186308
WMS3898,PEMBROKE EAST E,Class B,318909.6437255124,231522.62165906848
WMS1479,ARRAN QUAY B,Class A,314961.80655820714,235105.63391523788
WMS0219,NORTH CITY,Class A,315942.46413501946,234602.39617936278
WMS0831,MANSION HOUSE B,Class A,316140.10199186084,233706.403517981
WMS5309,RATHFARNHAM,Class B,315333.3855118224,229978.62562433316
WMS1172,RATHMINES WEST A,Bigbelly Bin,315626.93013791175,231881.4219136672
WMS4532,DRUMFINN,Cast Iron,309762.5499480418,233696.5314639333
WMS3930,FINGLAS SOUTH C,Class B,312648.3811991556,238440.92321681336
WMS1955,MOUNTJOY A,Class A,316411.13648846134,234880.5788010215
WMS3937,FINGLAS NORTH C,Class B,313311.14026224904,239096.07736489017
WMS4500,USHERS C,Cast Iron,314246.64522009325,233719.90011280385
WMS3005,CLONTARF EAST D,Class B,319535.46283882495,236449.46955439623
WMS3243,KIMMAGE D,Class B,313951.2379203916,231249.91979360775
WMS0267,NORTH CITY,Class A,315665.6700145634,234597.65678809068
WMS3902,CLONTARF EAST B,Class B,320941.84457103873,236425.81630312352
WMS3939,PEMBROKE WEST B,Class B,317668.74653500796,231554.02775783234
WMS1209,NORTH DOCK B,Bigbelly Bin,317403.3839248109,234450.36386626298
WMS2806,ASHTOWN A,Class B,312151.48171829816,237016.71988942806
WMS1564,WALKINSTOWN C,Class B,311659.3558849575,231311.40206792354
WMS1429,NORTH CITY,Class A,315753.79292010335,234712.26990543216
WMS3489,HARMONSTOWN A,Class B,320189.3027618079,238629.50081393498
WMS2177,BALLYMUN A,Class B,314497.71460755734,240418.7830428553
WMS1728,RAHENY-GREENDALE,Bigbelly Bin,322747.9798174299,238926.06613543726
WMS0993,MERCHANTS QUAY A,Class A,314956.8426619825,234123.24662947786
WMS1191,RATHMINES WEST E,Class A,314923.9899042236,230404.62785841082
WMS0855,MANSION HOUSE A,Class A,316094.3774415738,234386.48887263794
WMS2478,HARMONSTOWN B,Class B,320227.39172950434,237951.5231417362
WMS1450,NORTH CITY,Class A,315991.8731134941,234414.61277626635
WMS4435,WOOD QUAY B,Cast Iron,315423.7133708111,232600.05420688484
WMS3220,TERENURE D,Class B,314427.1184989107,230028.5721461746
WMS1967,ROYAL EXCHANGE B,Class A,315890.43206664565,233621.70976841738
WMS0792,SOUTH DOCK,Class A,316831.7287173255,233375.7711622615
WMS1783,RAHENY-St. ASSAM,Bigbelly Bin,322264.5651366436,237500.7272653382
WMS5082,BALLYMUN A,Class B,314683.9489961852,240211.8762245041
WMS0174,NORTH CITY,Class A,316141.9518209426,234580.06266848277
WMS1994,CLONTARF EAST C,Class A,320084.62746322446,235774.23757270936
WMS5124,CHERRY ORCHARD C,Class B,309137.51620375365,232938.36415270783
WMS4685,RAHENY-FOXFIELD,Cast Iron,322826.4891962103,238851.02701694221
WMS2948,ARRAN QUAY A,Class B,315010.0208483131,235530.56158438194
WMS3771,CRUMLIN D,Class B,313376.3656796967,232360.85382707504
WMS2444,GRANGE C,Class B,322728.5076544865,239497.98717375338
WMS0461,ROYAL EXCHANGE A,Class A,315411.62368115014,233977.90794916463
WMS2697,HARMONSTOWN A,Class B,320007.12837791786,239149.85789553527
WMS3508,HARMONSTOWN A,Class B,319948.93802619143,239139.46626489522
WMS1351,RATHMINES EAST D,Class A,316421.58080315375,231875.10827306917
WMS3550,CLONTARF EAST C,Class B,320155.89504847705,236361.01177937246
WMS2728,CABRA EAST A,Class B,315066.03646860074,236182.27850254445
WMS2407,RATHMINES WEST A,Class B,314715.3522822714,231607.6709371014
WMS5099,CABRA WEST C,Class B,313517.6734485902,236223.76667618405
WMS1455,USHERS F,Class A,313048.54763855995,233394.4142359506
WMS5023,WHITEHALL D,Class B,317562.5221758819,238714.15663615192
WMS5044,CLONTARF WEST D,Class B,317889.8405061319,236379.332784862
WMS3702,PRIORSWOOD C,Class B,320982.3694684877,240559.67219886047
WMS3395,KILMAINHAM C,Class B,312339.85933059757,233555.14628665138
WMS1475,NORTH DOCK B,Bigbelly Bin,317249.06332352984,234618.27063650644
WMS1217,NORTH DOCK C,Bigbelly Bin,317099.056980481,234473.5936459764
WMS2940,INNS QUAY C,Class B,315239.23981775227,234835.86733847024
WMS3810,ARRAN QUAY C,Class B,314323.60912551987,234328.5316142981
WMS2358,PRIORSWOOD D,Class B,320089.53557870036,240001.44204472905
WMS0190,NORTH CITY,Class A,316197.26560167107,234507.60057979042
WMS5335,KILMORE A,Class B,317517.0616113481,240183.52200569812
WMS5213,AYRFIELD,Class B,320900.6173274557,239797.61725266097
WMS5278,WHITEHALL A,Class B,316720.5336601278,238005.2326641843
WMS0538,TERENURE A,Class A,313917.7280384623,231165.2456739063
WMS0866,MANSION HOUSE A,Class A,316041.0611495605,234383.98507465285
WMS1312,MERCHANTS QUAY E,Class A,314634.2780406397,232566.2257338841
WMS1103,CHAPELIZOD,Bigbelly Bin,310279.918675218,234507.62046632575
WMS0445,ROYAL EXCHANGE A,Class A,315288.7378809043,234059.3715427379
WMS2150,WHITEHALL A,Class B,315467.19579878164,238278.54149159504
WMS5008,CLONTARF WEST C,Class B,318495.86141922453,236215.51160851782
WMS0329,ROTUNDA B,Class A,315428.86266598105,234703.07273506315
WMS3493,BALLYGALL A,Class B,313254.047950946,239041.53323329048
WMS2979,SAINT KEVIN'S,Class B,315978.0425235074,232772.83811580937
WMS5273,BEAUMONT C,Class B,319106.7473714465,238154.00803792218
WMS1642,BOTANIC B,Dog Bin,315799.28258677886,236771.53749815686
WMS1252,SOUTH DOCK,Bigbelly Bin,317345.16994972277,233881.14180809216
WMS2926,INNS QUAY B,Class B,315342.85209911125,235653.1551023165
WMS2768,CABRA EAST B,Class B,314076.253227132,236294.40729364473
WMS1727,CLONTARF WEST C,Bigbelly Bin,318650.7952350566,236173.33493586554
WMS3522,CABRA WEST B,Class B,313207.7647636015,237113.2566993882
WMS1436,ROYAL EXCHANGE A,Bigbelly Bin,315772.03712169494,234257.20834725132
WMS2096,BALLYGALL B,Class B,314306.81187601725,239166.46413815406
WMS5250,KILMORE A,Class B,317539.8462778566,240052.25284444125
WMS1843,GRANGE A,Class B,322025.31606092904,240042.62642596755
WMS0172,INNS QUAY C,Class A,315116.81726854376,234459.8944152132
WMS1271,NORTH DOCK C,Bigbelly Bin,316925.9311987664,234654.7459503758
WMS1451,NORTH CITY,Class A,315969.4463033308,234432.99836498775
WMS0668,ROYAL EXCHANGE B,Class A,315692.1819592888,233781.128584672
WMS0062,CLONTARF EAST B,Class A,321428.54053901683,236409.28493895032
WMS1238,SOUTH DOCK,Bigbelly Bin,317544.3874862137,234256.87946767127
WMS1586,MANSION HOUSE A,Class A,316069.21917269484,234377.49514776163
WMS1654,MERCHANTS QUAY C,Class A,314306.80811779056,233575.66830653627
WMS1260,SOUTH DOCK,Bigbelly Bin,317428.1450461887,234094.63968441717
WMS0372,NORTH CITY,Class A,315849.0159397783,234499.5039465376
WMS3074,PEMBROKE EAST D,Class B,319552.22465735744,231086.57426172096
WMS2004,BOTANIC B,Class B,316144.1727270185,236473.13424948277
WMS1615,MANSION HOUSE A,Bigbelly Bin,316116.6411294716,234414.39837434702
WMS1920,ROYAL EXCHANGE A,Class A,315636.30137279996,233868.95222937755
WMS4231,MOUNTJOY B,Cast Iron,316463.7414325796,235403.22755900107
WMS4670,USHERS C,Cast Iron,314093.2302452415,233790.3553910174
WMS1029,ROTUNDA A,Class A,315939.5539126491,235087.93734067096
WMS1824,BOTANIC A,Class B,314896.7020058701,237677.37244245288
WMS3350,CRUMLIN D,Class B,312072.8085829129,231641.59533214194
WMS0687,MANSION HOUSE B,Class A,315799.9240438007,233319.03767010514
WMS4394,MANSION HOUSE A,Cast Iron,316856.4748296225,233983.26415946658
WMS1600,KYLEMORE,Class B,310195.7831926634,232706.64801959216
WMS0837,MANSION HOUSE A,Class A,316468.3507585331,234117.36356842823
WMS5287,CLONTARF WEST B,Class B,318767.7463623305,237752.33442448764
WMS1906,ROTUNDA B,Class A,315546.4459668511,234771.10203582194
WMS4530,DRUMFINN,Cast Iron,309793.49879997934,233695.2844308245
WMS1820,NORTH DOCK B,Class B,317906.99987682834,235219.54368760728
WMS0948,RATHMINES WEST B,Class A,315641.64220173884,231828.9565586424
WMS1393,ARRAN QUAY C,Bigbelly Bin,314687.578881594,234357.83954451027
WMS3031,PEMBROKE EAST C,Class B,319607.02868638124,231414.96062485143
WMS3425,DRUMFINN,Class B,309692.62470077927,233951.45141221347
WMS0282,GRANGE A,Class A,322280.8664611662,240011.29027417896
WMS5267,ASHTOWN B,Class B,312292.7223119243,236273.39952231853
WMS3384,CRUMLIN F,Class B,311871.52425144595,231931.46942075508
WMS5112,PEMBROKE WEST A,Class B,317776.85424553504,233548.24853471862
WMS2689,DRUMCONDRA SOUTH A,Class B,316255.82017412037,236918.6057010993
WMS1828,NORTH CITY,Bigbelly Bin,316097.0785356413,234720.7283688298
WMS1220,NORTH DOCK C,Bigbelly Bin,316873.9550722147,234493.26140569372
WMS2997,SAINT KEVIN'S,Class B,315471.46442637924,232742.53823788368
WMS5246,WALKINSTOWN B,Class B,311763.6764056918,231760.01451763022
WMS3492,BALLYMUN E,Class B,314606.9816980618,239164.2009169305
WMS3660,FINGLAS NORTH B,Class B,312699.6892358607,239057.00697007266
WMS2418,HARMONSTOWN A,Class B,320116.9514859724,239128.98865539784
WMS5402,WALKINSTOWN B,Class A,311606.3920799127,231718.91441433763
WMS3123,RATHMINES EAST B,Class B,317674.4066674614,231518.65442404803
WMS0333,NORTH CITY,Class A,315474.86316705507,234557.33854724534
WMS1620,RATHMINES WEST F,Class A,315611.0998799603,231746.3681505467
WMS4485,MERCHANTS QUAY B,Cast Iron,314562.28223088814,233878.31036267703
WMS0571,ROYAL EXCHANGE B,Class A,315564.3465180368,233352.18525804646
WMS0753,SAINT KEVIN'S,Class A,316275.00934807037,232952.69583543227
WMS5190,PEMBROKE EAST B,Class B,318194.7555437619,233370.9204502607
WMS1281,NORTH DOCK B,Bigbelly Bin,317794.9889348199,234582.07170525863
WMS0634,MANSION HOUSE B,Class A,315932.18289629836,233753.63790773638
WMS4515,MERCHANTS QUAY C,Cast Iron,314232.95112188574,233241.24034325848
WMS1338,EDENMORE,Class A,320985.14989267546,239072.72311502357
WMS4287,MOUNTJOY A,Cast Iron,316359.62198516726,234849.99393213572
WMS4301,ROTUNDA B,Cast Iron,315291.3160910547,234857.55778821083
WMS1204,NORTH DOCK B,Bigbelly Bin,317806.5755485581,234396.90989423668
WMS3866,PEMBROKE EAST D,Class B,319143.87649246235,231498.85272559282
WMS5143,USHERS E,Class B,313596.8082924038,232858.92681226594
WMS2899,GRANGE A,Class B,321616.7607878355,239922.74977070163
WMS1807,MOUNTJOY A,Bigbelly Bin,316331.5357974484,234803.02815949652
WMS1171,MERCHANTS QUAY C,Bigbelly Bin,314864.8069034042,233342.69494061865
WMS3691,FINGLAS SOUTH A,Class B,312770.7501469738,238848.2331877637
WMS3437,CRUMLIN D,Class B,312221.2900355882,231885.53309661537
WMS1809,NORTH CITY,Bigbelly Bin,316274.78734451905,234787.93522653577
WMS1963,ROYAL EXCHANGE B,Class A,315821.46290697396,233605.9428230215
WMS1008,ROTUNDA B,Class A,315756.9662526301,234942.02989184638
WMS1296,NORTH DOCK B,Bigbelly Bin,317722.66177778365,234739.54867553266
WMS5075,BALLYGALL A,Class B,313771.9251252419,238202.6212004079
WMS3385,CRUMLIN A,Class B,312007.357487248,232860.76100685104
WMS1936,RATHMINES EAST C,Class A,316520.5326246543,230059.54222851997
WMS4377,SOUTH DOCK,Cast Iron,316780.45701102994,233387.10150798748
WMS2950,ARRAN QUAY A,Class B,314987.97584688134,235439.54832626163
WMS3174,RATHMINES EAST C,Class B,316552.4193704844,230367.10867383325
WMS1452,NORTH CITY,Class A,315976.30524112366,234434.5393377626
WMS1111,FINGLAS NORTH C,Cast Iron,313613.1536406389,239208.89139454393
WMS1956,MOUNTJOY A,Class A,316420.67400399415,234892.45950642962
WMS1535,NORTH CITY,Bigbelly Bin,316135.0339234924,234467.83504862382
WMS1308,MANSION HOUSE A,Bigbelly Bin,316833.29749974154,234189.02784146613
WMS0592,MERCHANTS QUAY B,Class A,315112.89688965236,233725.89427594215
WMS1741,CLONTARF WEST D,Bigbelly Bin,318754.67359671165,236117.55463142594
WMS0088,MOUNTJOY B,Class A,315784.3015046777,235703.58729601168
WMS1017,NORTH CITY,Class A,315848.2323537087,234814.41256941788
WMS1481,GRANGE B,Class A,322321.62323507847,240151.23491004613
WMS1701,CRUMLIN B,Dog Bin,312888.7925197021,233116.24194141565
WMS4613,MERCHANTS QUAY F,Cast Iron,314117.92291423446,233152.66594150243
WMS1340,EDENMORE,Class A,321000.37465127005,239082.25094868048
WMS3609,CABRA EAST C,Class B,313782.26335723343,235623.9201839976
WMS3170,RATHFARNHAM,Class B,315948.304002023,230366.47062857106
WMS4333,SOUTH DOCK,Cast Iron,316715.8242767593,233229.9467345969
WMS4135,ARRAN QUAY D,Cast Iron,313528.3662984681,234639.0758187867
WMS0930,PEMBROKE WEST C,Bigbelly Bin,316874.41553558275,232909.98877660834
WMS3799,KIMMAGE C,Class B,313974.05812194035,232050.89907767868
WMS4713,MOUNTJOY A,Cast Iron,316557.37557581236,235183.73041000764
WMS4388,SOUTH DOCK,Cast Iron,316888.21139570925,233533.19049792094
WMS3729,ASHTOWN A,Class B,311652.33989669173,237537.5645105438
WMS1410,CLONTARF WEST D,Class A,318659.74826985,236126.52620891377
WMS2685,DRUMCONDRA SOUTH A,Class B,316369.39131730265,237244.4908801372
WMS1044,MANSION HOUSE B,Class A,316065.10440850374,233790.52771733596
WMS0254,KIMMAGE E,Class A,313503.83566225687,230575.14570002805
WMS2376,BEAUMONT C,Class B,318918.0694769222,239092.45120936047
WMS2126,BALLYGALL C,Class B,314934.0302414069,238454.78631990062
WMS4142,MOUNTJOY A,Cast Iron,316705.09721891634,235333.8633692636
WMS3353,WALKINSTOWN C,Class B,311642.6749221219,230914.806622424
WMS1764,ROYAL EXCHANGE A,Bigbelly Bin,315975.1756521467,234334.16952017363
WMS3515,TERENURE C,Class B,314016.885092805,230239.08515394427
WMS1380,NORTH CITY,Class A,315905.18614423077,234602.76956223926
WMS1739,CLONTARF EAST B,Bigbelly Bin,321058.86882321717,236025.36517703434
WMS5297,BALLYGALL D,Class B,314164.2333749493,238442.71892232384
WMS4395,MANSION HOUSE A,Cast Iron,316790.40208326286,233854.29516406826
WMS4174,ROTUNDA A,Cast Iron,315812.94278865634,235650.0523321811
WMS3643,KIMMAGE B,Class B,313272.73968386115,231830.31791678022
WMS5288,CLONTARF EAST C,Class B,319931.1189652529,235924.0082008784
WMS1738,WALKINSTOWN A,Class A,311201.7221178672,231688.38618582566
WMS3724,BALLYGALL A,Class B,313438.17752303503,239060.91383114603
WMS4588,MOUNTJOY B,Cast Iron,316120.3460076378,235364.46410252378
WMS1000,ROTUNDA B,Class A,315424.0707322208,234958.65647732324
WMS1901,NORTH CITY,Class A,315450.71301896754,234656.46982130455
WMS3096,PEMBROKE WEST B,Class B,317351.98101421335,231845.29642571075
WMS4711,MERCHANTS QUAY B,Cast Iron,314942.60721520847,233733.86511648577
WMS0977,MERCHANTS QUAY B,Class A,315062.33587775385,233895.2198412056
WMS3628,PEMBROKE WEST A,Class B,317698.4409728192,233306.66062015828
WMS1471,RATHMINES WEST B,Class A,315649.77408538474,231935.580556411
WMS1468,MOUNTJOY A,Bigbelly Bin,316295.7012394294,235048.85455551647
WMS3105,PEMBROKE EAST D,Class B,318175.6966091863,230978.8416472631
WMS4525,DRUMFINN,Cast Iron,309902.03016574687,233703.05573444164
WMS4340,SOUTH DOCK,Cast Iron,316669.97450074926,233204.33070669955
WMS4148,NORTH DOCK C,Cast Iron,317013.7293516909,234970.2414986661
WMS0005,BALLYMUN D,Class A,315507.08325881546,239712.06321057142
WMS4524,KILMAINHAM C,Cast Iron,312087.3577008717,233463.72413395214
WMS2628,CLONTARF EAST A,Class B,321343.8402048329,238063.50905943936
WMS5002,RATHMINES WEST C,Class B,316108.23687201657,230946.97376143493
WMS1632,FINGLAS SOUTH D,Dog Bin,312220.63935890124,237834.9155849998
WMS4129,ARRAN QUAY D,Cast Iron,313387.77115447074,234878.85799605842
WMS0399,PEMBROKE EAST A,Class A,318142.64763945586,233832.01896532648
WMS5092,FINGLAS NORTH B,Class B,312741.6416912477,239245.07891352437
WMS1314,CABRA WEST B,Class A,313345.81381760404,236557.28063674434
WMS2010,FINGLAS NORTH C,Class B,313069.45090817113,239549.6174986793
WMS1345,WALKINSTOWN C,Bigbelly Bin,312203.02002570505,231362.4061104028
WMS2151,WHITEHALL A,Class B,315464.7653221032,238231.7430017598
WMS3375,INCHICORE B,Class B,310515.64608749293,232028.29880309323
WMS0009,BALLYMUN D,Class A,315505.3751734849,239885.86608101393
WMS4736,PRIORSWOOD D,Class A,319602.36101593776,240087.9426770365
WMS2607,CLONTARF WEST C,Class B,318670.35267798096,236165.20871553305
WMS1694,PRIORSWOOD C,Dog Bin,320083.4084565099,240730.62641062855
WMS0201,PEMBROKE EAST A,Class A,318092.81449141196,233892.9534636819
WMS1599,KIMMAGE C,Class B,313603.0540094155,231792.7745803124
WMS5029,CLONTARF WEST A,Class B,319224.86833369645,237639.26046154567
WMS0720,SAINT KEVIN'S,Class A,315600.4566073532,232929.40028223573
WMS2867,BALLYMUN C,Class B,316021.6706813059,240096.15763660538
WMS0875,SOUTH DOCK,Stainless Steel,317702.04268169263,234083.48018291837
WMS0857,MERCHANTS QUAY E,Class A,314723.1641558503,232631.819356968
WMS2327,BEAUMONT E,Class B,318092.87346641836,238010.18213175028
WMS1491,NORTH CITY,Class A,315499.09242207,234549.52383484514
WMS1591,GRANGE A,Class B,321676.67765977554,240785.47808899923
WMS3479,CLONTARF EAST A,Class B,321308.51302794495,238122.65246613006
WMS3590,GRACE PARK,Class B,317166.2990224458,237582.17004453723
WMS0955,RATHMINES WEST F,Class A,315618.61410962883,231708.51356855742
WMS0323,NORTH CITY,Class A,315503.4130359395,234719.43091416816
WMS2683,DRUMCONDRA SOUTH A,Class B,316463.3522668528,237502.4997007162
WMS5064,ROTUNDA B,Class B,315321.30293774744,234947.3073908479
WMS5065,INNS QUAY B,Class B,315540.33410703554,235331.58322627895
WMS5115,SOUTH DOCK,Class B,317853.18706008815,233823.6817365767
WMS4016,BALLYGALL A,Cast Iron,313240.20506175817,238948.84377278047
WMS5352,CLONTARF WEST B,Dog Bin,319003.9813354028,237858.82465815765
WMS0154,BOTANIC C,Class A,315934.46301883215,236040.2275203607
WMS5100,CABRA EAST C,Class B,314074.52137851936,235679.9849390801
WMS2592,CLONTARF WEST E,Class B,317471.4893899043,237030.09454853536
WMS0871,SOUTH DOCK,Stainless Steel,317690.6512850537,234044.5506465599
WMS0779,GRANGE C,Class A,322785.03589047864,239981.98600395495
WMS2874,BALLYBOUGH B,Class B,316357.04161900247,235989.2171464065
WMS2568,GRACE PARK,Class B,317602.6003572444,237053.67623021657
WMS1846,ROYAL EXCHANGE B,Class A,315723.35367464065,233638.84368923045
WMS1858,NORTH DOCK C,Class A,316366.73423393315,234634.67678143556
WMS3932,CLONTARF EAST C,Class B,320036.0982526216,236360.2419941172
WMS1186,BALLYMUN C,Bigbelly Bin,315637.23557350924,239791.9835611227
WMS3453,CLONTARF WEST C,Class B,318206.1878766362,236477.45199192662
WMS2308,BEAUMONT C,Class B,319055.877307693,238857.5802441829
WMS5001,RATHMINES EAST B,Class B,317656.07303656585,231543.97562257145
WMS5133,INCHICORE A,Class B,311605.81337500317,233118.38593151272
WMS4691,INNS QUAY C,Cast Iron,315193.4659682936,234989.00609123916
WMS4305,INNS QUAY C,Cast Iron,315264.76973860536,234952.79649976266
WMS3438,WALKINSTOWN A,Class B,311367.0198594412,231702.7006008423
WMS0550,ROYAL EXCHANGE B,Class A,315645.32522318384,233846.07802582163
WMS0874,SOUTH DOCK,Stainless Steel,317678.17385591246,234062.13930828718
WMS5307,WALKINSTOWN B,Class B,311268.2888119821,231341.57168562993
WMS2092,BALLYGALL B,Class B,313992.6794290557,239136.50214796085
WMS5173,ASHTOWN A,Class B,312051.4039799418,236734.60510635926
WMS1876,SOUTH DOCK,Bigbelly Bin,317555.36777518055,234077.36416067238
WMS3201,RATHMINES WEST A,Class B,314757.7069935459,231789.15949161042
WMS3944,KIMMAGE C,Class B,314419.17206932994,231526.96893401537
WMS4520,CRUMLIN F,Cast Iron,311495.51061042387,231724.64478497882
WMS1851,CRUMLIN D,Class B,312318.45364270033,231447.76881456882
WMS3772,ASHTOWN A,Class B,311792.0117697925,237096.33292977323
WMS1610,NORTH CITY,Class A,315683.9165378255,234845.05604031353
WMS2590,CLONTARF WEST E,Class B,317381.36450647155,236491.15832853218
WMS0580,ROYAL EXCHANGE A,Class A,315478.97085244034,233298.77235802746
WMS4710,GRANGE C,Cast Iron,322387.2153332892,239813.4357676883
WMS4211,ROTUNDA A,Cast Iron,315948.5014083463,235424.07188075446
WMS5323,MOUNTJOY A,Class B,316692.0559373062,235084.7043004528
WMS1810,NORTH CITY,Bigbelly Bin,316271.13112589106,234775.76768662123
WMS3763,INNS QUAY C,Class B,315335.4508776617,234985.15233337934
WMS3596,RATHMINES EAST B,Class B,317454.6446072974,230780.12710423648
WMS0155,BOTANIC C,Class A,315955.02833693154,236078.45390309373
WMS4024,KILMORE A,Cast Iron,317729.1529084461,240093.27693853914
WMS0446,WOOD QUAY A,Class A,315261.7497052035,234125.47718308814
WMS4619,MERCHANTS QUAY A,Cast Iron,314888.00142183725,234007.22985989795
WMS2756,CABRA EAST A,Class B,314619.03740848677,235878.83974390727
WMS1074,GRACE PARK,Bigbelly Bin,318278.5856306533,237744.77171251294
WMS0199,PEMBROKE EAST A,Class A,318318.78393224365,234025.73555009114
WMS5069,BOTANIC A,Class B,314732.89008815255,236836.87205327104
WMS5030,CLONTARF WEST A,Class B,319206.8940255963,237620.40591695008
WMS3678,KIMMAGE D,Class B,313822.84168722364,231384.42898180074
WMS0439,INNS QUAY C,Class A,314968.93649637385,234196.39106740925
WMS2610,CLONTARF EAST C,Class B,319685.0420003483,235937.93373875602
WMS2709,DRUMCONDRA SOUTH C,Class B,315831.6647262909,237492.96791121567
WMS0305,ROTUNDA A,Class A,315716.4568859567,235145.63918291812
WMS1636,FINGLAS NORTH C,Dog Bin,313585.9092838252,239602.80374417454
WMS4032,KILMORE A,Cast Iron,317714.3607642654,240353.2842107619
WMS0952,RATHMINES WEST C,Class A,315614.9260313193,231552.13417806267
WMS2958,INNS QUAY C,Class B,315176.70341572777,234269.43383808114
WMS2207,WHITEHALL A,Class B,316141.2494147423,238750.8338481182
WMS1460,USHERS C,Bigbelly Bin,313910.8810304991,232864.6079263788
WMS4697,CLONTARF WEST C,Cast Iron,319347.5349059768,237187.73221612343
WMS3708,BALLYMUN C,Class B,315816.5237263775,240301.88302633463
WMS3646,KIMMAGE B,Class B,313537.08665842126,231431.03381945114
WMS4296,NORTH CITY,Cast Iron,315433.5664158495,234548.1349215564
WMS2946,INNS QUAY C,Class B,315074.20433579467,234330.22064695097
WMS3147,RATHMINES EAST B,Class B,317052.3617091535,231378.89032282884
WMS1547,RATHFARNHAM,Class B,315060.323751043,230391.6966202939
WMS2074,BALLYMUN E,Class B,314785.4063499914,239360.19952470818
WMS4399,MANSION HOUSE A,Cast Iron,316616.809353663,233945.7281701679
WMS5067,PEMBROKE EAST D,Class B,319928.0003899067,230609.4086129828
WMS3433,DRUMFINN,Class B,309349.52815021365,234387.10063871133
WMS4666,MOUNTJOY A,Cast Iron,316332.98879905965,235104.16701510732
WMS2131,BALLYGALL C,Class B,315250.43390874116,238693.77017438438
WMS1157,MOUNTJOY A,Bigbelly Bin,316365.93196814146,235321.8707235527
WMS1477,WOOD QUAY A,Class A,315217.912612871,234120.41622369763
WMS2143,WHITEHALL A,Class B,315609.6776474427,238844.9675438116
WMS4012,BALLYGALL A,Cast Iron,313180.72615699656,239093.58432896523
WMS3721,KIMMAGE B,Class B,313639.6669494663,231674.28478462304
WMS1130,MANSION HOUSE A,Bigbelly Bin,316132.99914453505,234398.6847614675
WMS0421,NORTH CITY,Class A,315360.85627921496,234244.35010031192
WMS3878,GRACE PARK,Class B,317890.7570876548,237721.80428026416
WMS1187,CARNA,Bigbelly Bin,309440.7518721386,233696.72908705057
WMS0680,MANSION HOUSE B,Class A,316191.08475594287,233310.9344121492
WMS4084,CLONTARF EAST A,Cast Iron,321379.2689379863,238176.22715605778
WMS0689,MANSION HOUSE B,Class A,315855.2819253184,233440.88331434474
WMS4451,SAINT KEVIN'S,Cast Iron,315818.54796019045,232684.50308005768
WMS0068,BOTANIC C,Class A,316009.10715652007,236179.1648988234
WMS4131,BOTANIC B,Cast Iron,315506.63531816023,236752.76494071426
WMS3575,BALLYGALL A,Class B,313286.5350953934,238867.22290189913
WMS2960,ARRAN QUAY C,Class B,314934.61609429144,234484.2229334719
WMS1781,CLONTARF EAST B,Bigbelly Bin,321665.93228020606,236718.1118087468
WMS1684,BEAUMONT D,Dog Bin,318454.2205391606,238377.3022079471
WMS3923,BALLYGALL C,Class B,314867.97394527483,239132.3062431198
WMS4221,ROTUNDA A,Cast Iron,315600.9103365069,235303.5890464651
WMS4539,DRUMFINN,Cast Iron,309650.01499293617,233693.75762633907
WMS5054,BEAUMONT C,Class B,318841.0803494477,238875.00945951723
WMS0470,ROYAL EXCHANGE A,Class A,315559.58432954317,234028.20144731645
WMS3132,RATHMINES EAST B,Class B,317432.00581547944,231717.4929620501
WMS5322,WHITEHALL B,Class B,316854.4429666011,238906.14090273436
WMS1690,GRANGE A,Dog Bin,321913.5023696023,240353.363946924
WMS3731,BALLYGALL C,Class B,315410.1363099677,237972.76206197476
WMS1904,NORTH CITY,Class A,315540.2159984275,234742.38357229967
WMS1841,MANSION HOUSE A,Class A,315994.8711000052,233961.0600674768
WMS2944,INNS QUAY C,Class B,315079.40505164344,234709.61454234112
WMS0369,NORTH CITY,Class A,315920.96681741276,234499.31046014174
WMS0289,NORTH CITY,Class A,315488.72203720594,234505.70542080482
WMS3619,CLONTARF EAST B,Class B,320224.3058884154,236710.70640856473
WMS3802,BOTANIC A,Class B,315274.08221465023,237406.28317874487
WMS4300,ROTUNDA B,Cast Iron,315277.7511895532,234832.3304057682
WMS4428,SAINT KEVIN'S,Cast Iron,316061.28083424206,232785.61261340496
WMS3648,KIMMAGE A,Class B,312742.9183640305,231277.26868439143
WMS3069,PEMBROKE EAST A,Class B,318325.2808842929,233666.3735520256
WMS1519,ROYAL EXCHANGE A,Bigbelly Bin,315433.5383796116,234173.42700374412
WMS0207,NORTH CITY,Class A,316065.59964811115,234450.2774871078
WMS1643,BOTANIC A,Dog Bin,314851.50535537186,237690.8443542245
WMS5241,PEMBROKE WEST A,Class B,317752.46263280394,233321.12308404516
WMS4392,SOUTH DOCK,Cast Iron,316848.87403372553,233572.4288183363
WMS0050,CLONTARF EAST B,Class A,320381.90778533474,235665.05649850974
WMS2957,INNS QUAY C,Class B,315201.9559892969,234262.3195816047
WMS3428,DRUMFINN,Class B,309381.5915278123,233909.2025660814
WMS3906,BEAUMONT F,Class B,317477.4749828641,238618.45390925888
WMS2237,WHITEHALL C,Class B,316831.06269824505,239194.65080248207
WMS2775,CABRA EAST C,Class B,313997.01701891265,235464.9104174206
WMS1649,WHITEHALL A,Dog Bin,315490.01351447456,238542.59907276486
WMS3016,PEMBROKE WEST A,Class B,317836.53262771043,233739.4912847374
WMS1289,SOUTH DOCK,Bigbelly Bin,317119.7539381804,234302.96182735497
WMS3376,INCHICORE B,Class B,310736.8842715676,232125.12011708328
WMS0053,CLONTARF EAST B,Class A,320704.8342277612,235798.69063125493
WMS3592,ARRAN QUAY B,Class B,314869.0901021351,234809.73217851034
WMS1703,KIMMAGE C,Dog Bin,313617.8280018499,231749.24183756846
WMS3086,PEMBROKE EAST E,Class B,318156.89402068773,232306.7912407062
WMS1779,PRIORSWOOD C,Bigbelly Bin,320141.88212342677,240516.01961705973
WMS1502,CLONTARF WEST D,Bigbelly Bin,317599.93227617734,236256.2171461225
WMS5314,PEMBROKE EAST B,Class B,318466.66295701644,233378.71470787597
WMS0922,PEMBROKE WEST C,Bigbelly Bin,316987.4013774671,232892.89800431766
WMS5011,PEMBROKE WEST A,Class B,317781.6341996309,233618.64930763436
WMS3949,WHITEHALL B,Class B,316613.85663995694,238793.44208352722
WMS0623,ROYAL EXCHANGE B,Class A,315904.7407370936,233699.5710501423
WMS2528,CLONTARF WEST B,Class B,319213.897426194,237321.10669866233
WMS3977,TERENURE B,Class B,314463.7266101127,230239.48041842913
WMS0374,NORTH CITY,Class A,315768.6360609775,234470.92256825263
WMS1605,SOUTH DOCK,Bigbelly Bin,317883.13605247287,234243.74072191882
WMS4550,KYLEMORE,Cast Iron,309777.74187947164,233665.5273371522
WMS1796,KILMORE D,Bigbelly Bin,319762.80873769196,239179.16903539348
WMS1625,ROYAL EXCHANGE B,Class A,315897.13044857205,233679.35497036294
WMS4169,RAHENY-St. ASSAM,Cast Iron,322119.6906043942,238178.56851477548
WMS4265,MOUNTJOY A,Cast Iron,316626.80039400957,235110.39629801136
WMS2268,BEAUMONT B,Class B,317865.69146361726,238864.45338672938
WMS2905,ARRAN QUAY D,Class B,313690.1472635077,235162.63510418683
WMS3544,CRUMLIN D,Class B,312393.78187522694,231836.0100791692
WMS4227,ROTUNDA A,Cast Iron,315939.6178124824,235244.25656066512
WMS1585,BALLYMUN B,Class B,315505.67877804866,240024.01584215686
WMS1954,HARMONSTOWN B,Bigbelly Bin,320193.66273604415,237918.52774880026
WMS5239,HARMONSTOWN A,Class B,320046.36651044316,238478.96379896693
WMS4755,INCHICORE B,Class A,310424.69562917674,232098.98762172708
WMS4527,DRUMFINN,Cast Iron,309853.04526509036,233698.47690352693
WMS5089,NORTH DOCK B,Class B,317889.1516633072,235188.08329023165
WMS1007,ROTUNDA B,Class A,315722.08720392484,234911.58829641744
WMS0858,MERCHANTS QUAY E,Class A,314713.745149589,232627.01451825778
WMS2973,PEMBROKE WEST A,Class B,317579.13191789004,233837.85521124167
WMS4355,SAINT KEVIN'S,Cast Iron,316109.1388872409,233012.85460963877
WMS0916,PEMBROKE WEST C,Bigbelly Bin,317057.27803856845,232848.35059190288
WMS5145,CRUMLIN B,Class B,312578.44552433596,232570.54967099242
WMS0091,ROTUNDA A,Class A,315685.6308050683,235562.86912055465
WMS1056,BALLYMUN B,Class A,315187.6050872526,240408.1921438864
WMS3445,CLONTARF EAST A,Class B,321365.17950308364,238085.38282070332
WMS2209,WHITEHALL B,Class B,316498.40719908394,238576.70938851117
WMS3411,KILMAINHAM B,Class B,311533.4587328611,233485.84474106747
WMS4376,SOUTH DOCK,Cast Iron,316787.30069281877,233402.01135039184
WMS0276,NORTH CITY,Class A,315565.4336952835,234577.27267295556
WMS1782,CLONTARF EAST B,Bigbelly Bin,322256.3363957463,237489.06689631098
WMS3781,PRIORSWOOD D,Class B,319741.31618756364,239855.11186845062
WMS0152,BALLYBOUGH B,Class A,315965.71577118314,236058.39484414764
WMS3788,KILMORE A,Class B,317843.38162336184,240037.42458700188
WMS2027,FINGLAS NORTH C,Class B,313625.12984271016,239861.26143923315
WMS3953,GRANGE E,Class B,321049.93398803956,238978.7103579585
WMS1565,WHITEHALL B,Class B,316036.25741955347,238822.51253351508
WMS3783,FINGLAS NORTH B,Class B,313185.1042571631,238879.8521555625
WMS2860,MOUNTJOY B,Class B,316248.4436697688,235621.74321221255
WMS2499,RAHENY-St. ASSAM,Class B,321686.7948894762,238251.197933095
WMS0360,NORTH CITY,Class A,315560.75212598074,234275.8840321191
WMS4157,NORTH DOCK B,Cast Iron,317290.5936547682,234790.71759071562
WMS2866,INNS QUAY B,Class B,315205.8197284541,235852.2891654653
WMS0642,ROYAL EXCHANGE B,Class A,315857.99512207875,233989.25687664284
WMS1262,SOUTH DOCK,Bigbelly Bin,317507.06521027,233868.17046963747
WMS2972,PEMBROKE WEST A,Class B,317812.8848693846,233796.20787030237
WMS3825,WOOD QUAY B,Class B,315022.91043203435,232969.2144115198
WMS1803,ROYAL EXCHANGE A,Bigbelly Bin,315818.2675218824,234276.08501518532
WMS0485,ROYAL EXCHANGE A,Class A,315859.6795505661,234096.4473841942
WMS1773,ROYAL EXCHANGE B,Class A,315796.92115649686,233691.13818460086
WMS4465,CHAPELIZOD,Cast Iron,310529.7924702964,234308.99214663386
WMS3388,KILMAINHAM C,Class B,312450.46551508695,233462.1295134803
WMS1593,GRANGE C,Class A,322223.0353313369,239879.9500595035
WMS4002,BOTANIC A,Cast Iron,315329.4894241439,236979.12150206705
WMS4696,CLONTARF EAST A,Cast Iron,321203.2058316126,238092.6617653585
WMS0900,PEMBROKE EAST C,Bigbelly Bin,319567.9318002166,231846.66842036333
WMS0807,MANSION HOUSE B,Class A,315935.96830618597,233715.11525943267
WMS0520,BALLYGALL C,Class A,315070.1865312045,239101.21042509144
WMS4371,SOUTH DOCK,Cast Iron,316938.4893337005,232981.12304898235
WMS2414,EDENMORE,Class B,320970.836600977,239362.88905154745
WMS4760,INCHICORE A,Class A,310190.75187843986,232921.93726623015
WMS4504,MERCHANTS QUAY C,Cast Iron,314225.26758658834,233260.0998160126
WMS4608,SAINT KEVIN'S,Cast Iron,316213.39746222575,232756.89663265183
WMS4477,USHERS B,Cast Iron,314241.916824947,233942.53666956452
WMS5079,BALLYGALL C,Class B,315440.28375510237,238196.7513290409
WMS0065,BALLYGALL B,Class A,314206.8440256055,238485.3374752327
WMS0409,NORTH CITY,Class A,315583.9718853667,234267.0696471545
WMS1263,SOUTH DOCK,Bigbelly Bin,317505.6860116843,233851.07205757676
WMS3787,BEAUMONT C,Class B,319631.1966810878,238675.35142150839
WMS3284,USHERS A,Class B,313528.8843414291,233818.05354802005
WMS1119,NORTH CITY,Bigbelly Bin,315868.70583769813,234365.38319766926
WMS4643,USHERS C,Cast Iron,314105.178624171,233584.73766523576
WMS2364,KILMORE C,Class B,318984.50599884376,239812.52341959896
WMS1320,WHITEHALL C,Class A,316766.5697773963,239839.81601408598
WMS1492,NORTH CITY,Class A,315636.98660116957,234582.63370498753
WMS0514,ASHTOWN A,Class A,311975.36187868007,237225.06615158636
WMS2918,ARRAN QUAY D,Class B,313700.1233304643,234431.18914071162
WMS1630,CABRA WEST A,Dog Bin,312523.25150041806,237666.76929938083
WMS4579,BEAUMONT B,Cast Iron,318559.0420487283,238687.1001893894
WMS5047,HARMONSTOWN A,Class B,320126.5319770212,239154.75060839707
WMS1364,HARMONSTOWN B,Bigbelly Bin,319920.7939752363,238174.32270054726
WMS2515,CLONTARF EAST E,Class B,319714.0369524718,237289.90537553918
WMS2842,DRUMCONDRA SOUTH C,Class B,316178.88405778253,236783.54151930008
WMS4411,MANSION HOUSE A,Cast Iron,316159.29958906956,234352.61109958662
WMS3913,BEAUMONT E,Class B,318176.39759490837,237800.29979037124
WMS0059,CLONTARF EAST B,Class A,321263.7066700112,236189.77365619142
WMS4182,ARRAN QUAY E,Cast Iron,314196.04471973504,235031.51130298176
WMS0086,BALLYBOUGH B,Class A,315834.7065268726,235799.75674411032
WMS5218,FINGLAS NORTH B,Class B,313140.93503945187,238855.8561469492
WMS3566,CLONTARF WEST C,Class B,318386.9118012644,237262.4759070096
WMS4699,BALLYBOUGH A,Cast Iron,316666.4249515151,235551.0003343294
WMS3697,BALLYMUN B,Class B,315438.26021755015,240351.9417629107
WMS1342,WALKINSTOWN C,Bigbelly Bin,312323.29597724916,231181.64811279485
WMS5299,BALLYGALL B,Class B,314345.52866114065,238796.27708867524
WMS4720,ROYAL EXCHANGE A,Cast Iron,315446.3347281633,233660.4297366016
WMS0225,NORTH CITY,Class A,315893.0946224183,234763.1283112241
WMS1346,USHERS C,Bigbelly Bin,314014.3242210466,233906.64785673702
WMS3970,WHITEHALL A,Class B,315459.15510621574,238071.6948740394
WMS1472,SAINT KEVIN'S,Class A,316217.58269285626,233044.6246114441
WMS0979,MERCHANTS QUAY C,Class A,315078.85169180535,233173.90495960598
WMS3474,INCHICORE A,Class B,311516.8382452606,233002.09589506403
WMS4507,MERCHANTS QUAY C,Cast Iron,314660.76971666724,233416.74330053537
WMS1147,ROYAL EXCHANGE A,Bigbelly Bin,315438.0568270371,234131.66741743297
WMS1626,MANSION HOUSE B,Class A,315911.1007510931,233697.51312675982
WMS0273,NORTH CITY,Class A,315590.7209780255,234585.850573147
WMS4079,CLONTARF EAST A,Cast Iron,321437.9101111435,238329.70988356767
WMS3259,TERENURE C,Class B,313380.6412906804,229887.58415534144
WMS3972,BALLYGALL C,Class B,315482.5928814984,239041.29861433085
WMS5107,BALLYBOUGH B,Class B,316110.9434744167,235691.55663017754
WMS4536,DRUMFINN,Cast Iron,309690.7083318346,233703.96750173712
WMS1665,WHITEHALL D,Dog Bin,317254.7076002151,238617.0385358462
WMS1981,FINGLAS NORTH A,Bigbelly Bin,312374.3403562376,239668.55604478612
WMS4350,MANSION HOUSE B,Cast Iron,316434.83617413323,233129.8889428027
WMS0587,MERCHANTS QUAY B,Class A,315121.7140649593,233495.28609030184
WMS4091,WOOD QUAY A,Cast Iron,315197.11760526005,233462.8033853348
WMS0954,RATHMINES WEST F,Class A,315543.04996627837,231524.70011877146
WMS1651,DRUMCONDRA SOUTH A,Dog Bin,316478.87840635685,236673.7861383919
WMS4329,MANSION HOUSE B,Cast Iron,316313.7921165113,233341.03553988802
WMS0921,PEMBROKE WEST C,Bigbelly Bin,317065.22093680315,232762.41731121368
WMS4042,BEAUMONT B,Cast Iron,318622.6161724957,238588.11094791908
WMS1583,WHITEHALL B,Class B,316024.08229519473,239029.60757070425
WMS1024,NORTH CITY,Class A,315944.74585200386,234520.0532149085
WMS3797,WALKINSTOWN A,Class B,311009.44804924994,231038.9748396208
WMS3928,BALLYMUN F,Class B,314106.02198896057,239434.9940082473
WMS0953,RATHMINES WEST D,Class A,315576.5048322073,231524.08517218346
WMS4134,ARRAN QUAY D,Cast Iron,313398.84771096444,234856.48248150045
WMS3587,FINGLAS NORTH A,Class B,312400.479596202,239642.3304909232
WMS4537,DRUMFINN,Cast Iron,309676.4127862792,233706.43127985948
WMS3733,BALLYMUN A,Class B,314584.0986220491,239940.51003101945
WMS5236,WHITEHALL D,Class B,317266.0282791497,238725.3108266707
WMS4521,WALKINSTOWN B,Cast Iron,311535.0265774259,231704.57664680292
WMS3454,WHITEHALL A,Class B,315495.1023632776,238781.92106699874
WMS2101,BALLYMUN E,Class B,314725.5369081955,239154.92568072915
WMS1830,ROYAL EXCHANGE A,Class A,315741.3445580708,234056.25493017994
WMS1598,RATHMINES WEST D,Class B,315672.8781171248,230866.1684114889
WMS1799,WHITEHALL D,Bigbelly Bin,316932.85768359306,238523.4639770783
WMS1946,ROTUNDA B,Class A,315624.3918357566,234982.43252455565
WMS2981,SAINT KEVIN'S,Class B,315495.45258231834,232590.73699374794
WMS0104,ROTUNDA A,Class A,315777.625004421,235420.34361343278
WMS4740,MOUNTJOY B,Class A,316002.0120873218,235410.0891436085
WMS1528,NORTH CITY,Bigbelly Bin,315836.97704992065,234351.57653180519
WMS4573,KILMAINHAM C,Cast Iron,312197.223856662,233354.2886286868
WMS0427,INNS QUAY C,Class A,315066.47041531786,234188.97908405904
WMS5122,NORTH DOCK B,Class B,317700.38298525853,235528.31112822169
WMS5006,DRUMCONDRA SOUTH A,Class B,316816.53666271776,237439.12726850176
WMS0218,NORTH CITY,Class A,315944.0483585046,234578.96103712497
WMS1801,KYLEMORE,Class B,310195.0632048373,232723.2613816147
WMS4166,NORTH DOCK C,Cast Iron,316851.8481140137,234559.94024458993
WMS1083,CABRA EAST B,Bigbelly Bin,314282.588793832,235895.40981733796
WMS4234,MOUNTJOY A,Cast Iron,316511.77223699866,235413.84822940466
WMS2597,DRUMCONDRA SOUTH A,Class B,316863.4034009564,237119.54327543374
WMS0944,RATHMINES WEST B,Class B,315674.3899319142,232189.82929768518
WMS3776,RATHMINES WEST E,Class B,314707.6725161802,231089.52103866785
WMS0595,WOOD QUAY A,Class A,315139.77654446143,233806.72508439206
WMS4288,MANSION HOUSE A,Cast Iron,316724.1804354614,234263.57801953895
WMS3964,ASHTOWN A,Class B,311318.77946805366,236982.94679084668
WMS1174,PEMBROKE EAST B,Bigbelly Bin,318907.6843330954,232744.75097078312
WMS0978,MERCHANTS QUAY B,Class A,314994.9037836146,233912.77093822963
WMS0822,MANSION HOUSE A,Class A,316210.66614469275,233874.42843981428
WMS2273,BEAUMONT B,Class B,318052.476694736,238701.84137007053
WMS5070,CABRA EAST A,Class B,314245.62858124805,237207.75550046528
WMS0098,INNS QUAY A,Class A,315810.7942621978,235800.26401398258
WMS5214,KILMORE D,Class B,319888.59686058434,239094.39374612886
WMS4360,SAINT KEVIN'S,Cast Iron,316125.6785932123,233082.27558776573
WMS4712,WOOD QUAY A,Cast Iron,315245.21893685916,233394.27015161747
WMS2765,CABRA WEST B,Class B,313489.08777969447,236549.5415186393
WMS2153,BALLYGALL C,Class B,315467.14272414125,237960.2729513218
WMS1004,PEMBROKE EAST A,Class A,318231.8256213289,233991.12086929748
WMS3943,TERENURE A,Class B,314737.5302386988,231231.39156853466
WMS4542,DRUMFINN,Cast Iron,309756.53920564614,233683.9371674325
WMS0742,MANSION HOUSE B,Class A,316221.16517845105,233068.1511221617
WMS4488,MERCHANTS QUAY B,Cast Iron,314793.27904676634,233862.8992784749
WMS1866,CLONTARF EAST D,Class B,319257.0301875123,236289.7370030295
WMS1718,ROYAL EXCHANGE B,Class A,315960.49685948173,233851.54406365345
WMS3868,DRUMCONDRA SOUTH B,Class B,316059.30632579006,236233.7609517358
WMS0370,NORTH CITY,Class A,315905.0499686933,234495.52085148485
WMS1108,WALKINSTOWN B,Bigbelly Bin,311572.23467238725,231711.51358714735
WMS1704,KIMMAGE C,Dog Bin,313710.7658580184,231551.80311146931
WMS1148,ROYAL EXCHANGE A,Bigbelly Bin,315448.5644649057,234084.78353740482
WMS5310,PEMBROKE WEST B,Class B,317483.73048244684,231687.46051215526
WMS4759,FINGLAS NORTH B,Class A,312710.58647127356,239728.72809218036
WMS5329,BALLYBOUGH A,Class B,317181.62109624234,235746.4119900696
WMS1975,ROYAL EXCHANGE B,Class A,315782.0049591181,233837.94061875375
WMS3773,ASHTOWN A,Class B,311811.37627187493,237096.3916506889
WMS3653,KIMMAGE E,Class B,312710.5783726236,230933.41004910946
WMS2928,INNS QUAY A,Class B,315516.736218474,235590.2397478049
WMS3578,WALKINSTOWN A,Class B,311384.66265318845,231575.9488833462
WMS2522,CLONTARF EAST D,Class B,319390.4732575711,237091.11105156614
WMS2645,CLONTARF EAST C,Class B,320202.5299692584,236757.42015586334
WMS4180,MOUNTJOY B,Cast Iron,315970.38971017656,235475.17843995485
WMS4247,ROTUNDA A,Cast Iron,316103.8589157168,235176.54787019183
WMS3828,AYRFIELD,Class B,320982.35924272635,240013.57293027668
WMS2289,BEAUMONT C,Class B,319003.9024304748,238413.3888645337
WMS4299,ROTUNDA B,Cast Iron,315262.44233627536,234800.4052379559
WMS2148,WHITEHALL A,Class B,315499.4685253241,238621.7303492729
WMS0188,NORTH CITY,Class A,316129.50670077297,234488.235231115
WMS4405,MANSION HOUSE A,Cast Iron,316605.0109448112,234214.29773612256
WMS0191,NORTH CITY,Class A,316215.93354331865,234513.9995522307
WMS0596,WOOD QUAY A,Class A,315277.7408704192,233849.35404907205
WMS4400,MANSION HOUSE A,Cast Iron,316584.4117383087,233891.73860595693
WMS0778,SAINT KEVIN'S,Class A,316040.7639268651,232579.57137723596
WMS2205,WHITEHALL B,Class B,316460.74909841653,238589.50994361824
WMS0700,SAINT KEVIN'S,Class A,315749.8969590353,233043.37208644254
WMS3204,RATHMINES WEST F,Class B,314744.18677218043,231395.66133061767
WMS3798,KIMMAGE C,Class B,313990.9755769145,231969.7878080574
WMS0643,ROYAL EXCHANGE A,Class A,315832.7041095497,233985.60969169487
WMS0265,INCHICORE A,Cast Iron,311820.2544332488,233333.94995487333
WMS1910,BALLYMUN B,Class A,315517.8244193838,240154.23570790325
WMS3573,TERENURE B,Class B,313628.02157036617,230721.4321334679
WMS1710,PEMBROKE EAST B,Dog Bin,318535.9436690055,233287.43737659504
WMS3222,TERENURE B,Class B,314453.8570982189,230201.11629956088
WMS4765,MANSION HOUSE A,Cast Iron,316262.8240548412,234235.15276970164
WMS0277,PEMBROKE EAST D,Class A,317849.05798562866,230694.00805343268
WMS3735,MOUNTJOY B,Class B,315826.6358647798,235762.11889709366
WMS5311,PEMBROKE EAST E,Class B,318258.25158451975,232259.83735180134
WMS4761,ARRAN QUAY C,Class A,314924.72904786887,234373.74944583644
WMS0281,MANSION HOUSE B,Class A,316363.3952914633,232855.42357169805
WMS1744,BALLYBOUGH A,Bigbelly Bin,316728.5172158773,235618.26936122097
WMS5235,ASHTOWN B,Class B,312600.8745253866,236295.694942226
WMS3981,CRUMLIN B,Class B,312829.97949288134,232178.1198855619
WMS1850,MOUNTJOY A,Bigbelly Bin,316525.74541701196,234850.21287031245
WMS1552,NORTH CITY,Class A,315704.17910408287,234861.771738753
WMS3714,KILMORE D,Class B,318830.4907820715,239234.2324943189
WMS4254,NORTH CITY,Cast Iron,316287.2029189322,234770.82123186733
WMS0241,NORTH CITY,Class A,315910.4638042344,234598.5208330991
WMS5324,BALLYBOUGH A,Class B,316827.7587955761,235308.5929797797
WMS2475,HARMONSTOWN B,Class B,319877.1795036806,238390.52983445372
WMS1482,WHITEHALL C,Class A,316733.1439974021,239418.3910833273
WMS0586,MERCHANTS QUAY B,Class A,315105.0074145648,233499.50713910037
WMS2270,BEAUMONT B,Class B,317884.5843360823,239242.4259640019
WMS1285,NORTH DOCK C,Bigbelly Bin,317093.4962115353,234639.85333118093
WMS0342,ROTUNDA B,Class A,315306.1136014536,234626.40880594385
WMS5078,DRUMCONDRA SOUTH C,Class B,316441.61159461865,237597.33755761044
WMS4758,RATHFARNHAM,Cast Iron,315112.15422667295,230450.6952704763
WMS0914,PEMBROKE WEST C,Bigbelly Bin,317377.26699943386,232780.80784746743
WMS2345,KILMORE D,Class B,319608.1934227855,239374.97815281717
WMS1254,SOUTH DOCK,Bigbelly Bin,317698.5453308798,234067.36045054713
WMS1026,ROTUNDA A,Class A,315831.9539528001,234969.3235881131
WMS3812,CLONTARF WEST D,Class B,317143.1614200259,236124.27828420306
WMS4615,MERCHANTS QUAY C,Cast Iron,314423.7973856847,233609.3960926241
WMS3715,GRANGE D,Class B,321739.2454054238,239192.76769390205
WMS1590,CLONTARF WEST D,Class B,317859.0028943589,236342.45605194682
WMS5144,USHERS D,Class B,313712.6994843785,232984.0130392923
WMS4251,MOUNTJOY A,Cast Iron,316226.7749684462,234939.45293174547
WMS5040,BEAUMONT C,Class B,319363.68240041274,238535.3325695164
WMS3726,CLONTARF WEST A,Class B,319020.558014188,237977.25740767372
WMS5150,TERENURE D,Class B,314480.4074548275,229666.52503622934
WMS3343,CRUMLIN F,Class B,312209.3991548722,231904.082730889
WMS2071,FINGLAS NORTH C,Class B,313638.787058832,239560.0066803649
WMS2392,HARMONSTOWN A,Class B,320120.00916150893,239379.99894062083
WMS1303,MANSION HOUSE A,Bigbelly Bin,316402.4360060367,234410.2264965571
WMS4639,PEMBROKE EAST B,Cast Iron,318927.15385039407,232803.30520267284
WMS1854,BEAUMONT D,Class A,318849.4107495319,238537.56049416412
WMS4538,DRUMFINN,Cast Iron,309654.49707507296,233708.65987187816
WMS2415,AYRFIELD,Class B,320905.9176011785,239370.61182800776
WMS2581,GRACE PARK,Class B,317181.96775015106,237559.9878649375
WMS5403,CHAPELIZOD,Class A,310736.8142837529,234215.57559025526
WMS2793,ASHTOWN A,Class B,311062.8211147471,237626.96394130946
WMS0418,ASHTOWN A,Class A,311601.3996307944,237223.2534358498
WMS2297,KILMORE D,Class B,318804.3779546579,239245.57202261995
WMS1986,CLONTARF EAST B,Bigbelly Bin,321056.1704713147,236022.5782870204
WMS1474,NORTH CITY,Class A,315989.4789122698,234691.31626100407
WMS3533,DRUMCONDRA SOUTH C,Class B,316053.01707088976,237412.1847638998
WMS0064,CLONTARF EAST B,Class A,321586.30075380066,236614.94220123254
WMS0127,MOUNTJOY A,Class A,316521.89869852585,234945.5809772473
WMS2357,PRIORSWOOD D,Class B,319796.7396595171,239788.56646165554
WMS2461,GRANGE D,Class B,321895.1809080078,239183.16797772027
WMS0737,MANSION HOUSE B,Class A,316180.99690960994,233234.2704368849
WMS4652,MANSION HOUSE A,Cast Iron,316541.8110652736,234233.0065459951
WMS4475,USHERS B,Cast Iron,314401.1937458865,233928.9509215362
WMS1709,SOUTH DOCK,Dog Bin,317093.25664221385,233937.57600822966
WMS1831,ROYAL EXCHANGE A,Class A,315599.6303968874,234045.73562117206
WMS1358,BALLYMUN C,Class A,315615.87552149716,239835.90632506378
WMS4112,WHITEHALL A,Cast Iron,316228.811099932,237790.5391532614
WMS0153,BALLYBOUGH B,Class A,315938.77557558543,236005.63560148072
WMS5038,CLONTARF EAST A,Class B,320335.8105680705,237689.8534286908
WMS4184,ARRAN QUAY B,Cast Iron,314229.94290169806,235026.26474159097
WMS1925,ROYAL EXCHANGE B,Class A,315653.1843718743,233885.4968126989
WMS1404,PRIORSWOOD C,Class A,320508.2887026065,240637.98555289267
WMS1084,CABRA EAST A,Bigbelly Bin,315096.30999482295,235875.8344040485
WMS2580,GRACE PARK,Class B,317223.519493714,237569.74351593273
WMS4582,ROTUNDA B,Cast Iron,315225.14637178776,234593.8799414663
WMS1169,MANSION HOUSE B,Class A,315939.10941903037,233569.96160249357
WMS1278,NORTH DOCK C,Bigbelly Bin,317221.56224293244,234779.6188666057
WMS0498,ASHTOWN A,Class A,311981.67125508597,236713.9391835253
WMS1388,ROYAL EXCHANGE A,Bigbelly Bin,315353.8547791733,234019.28151463726
WMS3475,CLONTARF EAST A,Class B,321769.6858412703,237853.33791374954
WMS1028,ROTUNDA A,Class A,315924.5896407781,235049.42405459358
WMS4238,MOUNTJOY A,Cast Iron,316152.1460369164,235173.86990019298
WMS1596,BALLYBOUGH A,Class B,316833.79178777814,235518.65331980403
WMS3257,TERENURE C,Class B,313520.07379451813,229387.8606531587
WMS4450,PEMBROKE WEST C,Cast Iron,316537.92574755056,232524.11765042433
WMS4753,RATHMINES WEST C,Class A,315719.57504234917,231188.9894883726
WMS3933,HARMONSTOWN B,Class B,319912.31011639524,238184.9760779836
WMS4006,CABRA EAST A,Cast Iron,315095.42918341415,236374.0361028458
WMS0809,MANSION HOUSE B,Class A,316108.2819404934,233896.70017200822
WMS3597,RATHMINES EAST B,Class B,316835.7267340255,230399.75000225776
WMS0840,MANSION HOUSE A,Class A,316914.4532566349,233965.25080410502
WMS3336,WALKINSTOWN A,Class B,311162.39113456896,231030.80153883717
WMS0343,NORTH CITY,Class A,315316.16452840605,234634.49340855374
WMS2412,GRANGE C,Class B,322377.294819972,239978.77752692392
WMS5333,DRUMCONDRA SOUTH C,Class B,316189.010517547,237310.74448565472
WMS3936,CHAPELIZOD,Class B,309820.5812753942,234644.35690486236
WMS5261,PEMBROKE EAST E,Class B,317982.6154093708,232409.1755462174
WMS1762,ARRAN QUAY B,Class A,314608.9673951005,234706.26550151475
WMS4175,MOUNTJOY B,Cast Iron,315863.5666044177,235616.7033993636
WMS0971,CHAPELIZOD,Class A,310307.83462893876,234470.37998031563
WMS4702,PEMBROKE EAST B,Cast Iron,318868.35339590075,232899.7091324588
WMS1860,NORTH DOCK C,Class A,316486.24356682436,234659.7219718166
WMS4186,ARRAN QUAY B,Cast Iron,314339.6922848249,234913.38810604063
WMS1949,BEAUMONT C,Bigbelly Bin,319333.88239775744,238367.38017468262
WMS1524,NORTH CITY,Bigbelly Bin,315626.3800390022,234271.666532772
WMS1754,RATHFARNHAM,Bigbelly Bin,316034.39500230254,229942.14384166844
WMS0184,NORTH CITY,Class A,316015.1093402992,234447.58685720197
WMS0066,MANSION HOUSE A,Class A,316716.5083653385,233784.4479773482
WMS3926,BALLYMUN F,Class B,314120.8030947976,239452.90975219934
WMS3736,CRUMLIN C,Class B,313781.16977748903,232634.2895749501
WMS0209,PEMBROKE EAST D,Class A,319014.017022014,231479.5922858755
WMS3884,WHITEHALL C,Class B,316934.75003777095,239253.09601308237
WMS3399,KILMAINHAM B,Class B,311955.84777388995,233617.09068854337
WMS3581,CABRA EAST A,Class B,314618.80332203757,235870.22331021528
WMS2121,BALLYGALL C,Class B,314650.7981209359,238516.48112545302
WMS3747,WALKINSTOWN A,Class B,310640.3770492538,231448.42741257447
WMS5164,GRANGE A,Class B,321438.05164007295,240484.99480323042
WMS1090,ARRAN QUAY C,Bigbelly Bin,314676.71109363134,234402.75074448707
WMS1098,USHERS A,Bigbelly Bin,313762.6593927416,234220.95237319494
WMS5021,BEAUMONT B,Class B,317873.0788225057,239176.53309361966
WMS3779,KILMORE C,Class B,319140.47003674944,240001.20708173566
WMS0688,MANSION HOUSE B,Class A,315844.3417874421,233415.6625178823
WMS3698,BALLYMUN B,Class B,315012.5884261588,240473.17338465675
WMS3718,ARRAN QUAY E,Class B,314020.8055568259,235372.65513004654
WMS1529,ROYAL EXCHANGE A,Bigbelly Bin,315974.7468875953,234187.24799265587
WMS4003,BOTANIC C,Cast Iron,315111.7899886637,236403.2110396765
WMS1400,MERCHANTS QUAY B,Bigbelly Bin,314691.779497276,233854.5300109801
WMS2949,ARRAN QUAY A,Class B,314992.33466997964,235515.69592109608
WMS4398,MANSION HOUSE A,Cast Iron,316632.96079492976,233991.65166155936
WMS4345,MANSION HOUSE B,Cast Iron,316525.04473678255,232993.1891715984
WMS1998,CLONTARF EAST B,Class A,320759.0922856068,235823.3743525592
WMS3144,RATHMINES EAST B,Class B,316882.932372745,231566.3481859551
WMS1306,MANSION HOUSE A,Bigbelly Bin,316305.2826374897,234413.81933271038
WMS0919,PEMBROKE WEST C,Bigbelly Bin,316971.98074126826,232360.420871486
WMS4226,ROTUNDA A,Cast Iron,315905.9041018093,235252.71536159952
WMS0989,MERCHANTS QUAY C,Class A,314646.835816242,233379.32190474405
WMS3897,PEMBROKE EAST E,Class B,317907.17567497736,232482.31999306622
WMS5234,CABRA EAST A,Class B,314991.80770441523,236641.21755003394
WMS1211,NORTH DOCK B,Bigbelly Bin,317295.43047148583,234440.11466093996
WMS1212,NORTH DOCK B,Bigbelly Bin,317320.6811502478,234460.68394093472
WMS4007,CABRA EAST A,Cast Iron,315094.388214196,236340.8038251723
WMS0818,MANSION HOUSE A,Class A,316540.7571835013,233744.56741164433
WMS0125,MERCHANTS QUAY E,Class A,314864.8708968902,232661.69349848066
WMS0848,SOUTH DOCK,Class A,316986.4624041366,233964.21398745308
WMS2810,ASHTOWN A,Class B,311719.65554302954,237089.46566053003
WMS0454,WOOD QUAY A,Class A,315166.1188560531,233868.5749254279
WMS1305,GRANGE B,Bigbelly Bin,322286.2188571328,240600.39588195327
WMS3689,BALLYGALL B,Class B,313628.4703590645,238961.09084368421
WMS0352,NORTH CITY,Class A,315376.4829012259,234392.42554446126
WMS5161,RATHMINES EAST B,Class B,316842.97481414955,230491.02427119657
WMS3996,CRUMLIN E,Class B,311985.6382185505,232475.90251507369
WMS1990,KILMORE D,Bigbelly Bin,319744.40494644456,238918.6657577122
WMS5106,KILMORE B,Class B,318364.07326926105,239567.6726227789
WMS3423,CHERRY ORCHARD A,Class B,308125.5791137742,233883.5386080751
WMS1466,PEMBROKE WEST C,Class A,316503.1705834389,232594.3973788722
WMS1907,BALLYGALL B,Class A,314449.5711606621,238936.1819531516
WMS0766,SAINT KEVIN'S,Class A,315420.44909862056,232449.38903627117
WMS5123,CABRA WEST B,Class B,313160.64403044863,236562.20222441663
WMS4576,KILMAINHAM C,Cast Iron,312306.938263916,233459.45203285041
WMS0963,MERCHANTS QUAY A,Class A,314720.31050357793,234181.72032035148
WMS1203,NORTH DOCK B,Bigbelly Bin,317916.52094539633,234386.44699585612
WMS0784,PEMBROKE EAST E,Class A,318288.4747261377,232490.67503394402
WMS1884,CARNA,Bigbelly Bin,309377.89232743037,233708.15871013538
WMS4001,BOTANIC A,Cast Iron,315299.2082844071,236965.85387782333
WMS2872,BALLYBOUGH B,Class B,316618.9923945308,236059.81591018548
WMS0980,USHERS E,Class A,313349.165404423,233134.21845359993
WMS2385,GRANGE A,Class B,321048.1466328316,240588.25423168833
WMS1257,SOUTH DOCK,Bigbelly Bin,317505.2124597272,234081.83043124052
WMS0420,ROTUNDA A,Class A,316037.05684059276,235100.49297580673
WMS0639,MANSION HOUSE B,Class A,315984.2560420531,233925.0539195368
WMS3481,CABRA WEST C,Class B,313422.57868945465,235880.00702299384
WMS1407,USHERS B,Class A,314418.85300623946,234097.21179891567
WMS0601,MANSION HOUSE A,Class A,316317.8189853007,234255.33862592423
WMS1431,PEMBROKE EAST A,Class A,318167.6057077068,233784.3154070876
WMS5339,HARMONSTOWN B,Class B,320050.5766707248,238415.37860005978
WMS0094,INNS QUAY B,Class A,315593.9145145624,235447.68921276028
WMS4010,BALLYGALL A,Cast Iron,313196.9566130066,239073.94952465454
WMS0876,SOUTH DOCK,Stainless Steel,317705.96267698845,234113.7551225715
WMS2373,PRIORSWOOD B,Class B,319772.13573164516,240466.78081221174
WMS3506,PEMBROKE WEST B,Class B,317852.4734261362,232917.89024077845
WMS1700,CRUMLIN B,Dog Bin,312737.4694463791,232917.51305087982
WMS5085,FINGLAS NORTH C,Class B,313640.006860494,239354.5444055497
WMS4471,MERCHANTS QUAY A,Cast Iron,314691.0242019611,233870.69637652565
WMS3321,CLONTARF WEST B,Class B,318789.9576990318,237496.41023645908
WMS2688,DRUMCONDRA SOUTH A,Class B,316295.5732629897,237038.61155262165
WMS4068,PRIORSWOOD C,Cast Iron,320124.7180492736,240512.43917254813
WMS2560,DRUMCONDRA SOUTH A,Class B,316931.09761181404,237393.62187860798
WMS3366,WALKINSTOWN C,Class B,312199.28187460784,231306.36899543062
WMS4276,MOUNTJOY A,Cast Iron,316387.7005766526,235110.14090751635
WMS1228,ROTUNDA B,Class A,315391.84477236494,234684.98896096234
WMS1940,PEMBROKE WEST A,Class A,318201.48086310306,233238.72200329287
WMS0151,BALLYBOUGH B,Class A,316020.9258024969,236175.23181676184
WMS5028,AYRFIELD,Class B,320892.1740506408,239755.84453616934
WMS0682,MANSION HOUSE B,Class A,316136.464605227,233190.99288250785
WMS5302,FINGLAS SOUTH A,Class B,312536.27804761217,238590.31941664068
WMS1189,MOUNTJOY A,Bigbelly Bin,316365.96962522564,234864.61483092332
WMS1241,SOUTH DOCK,Bigbelly Bin,317425.9359961982,234289.89401198374
WMS0052,CLONTARF EAST D,Class A,319041.9198511188,235911.68494011415
WMS0497,ROYAL EXCHANGE A,Class A,315267.23092791083,234000.04634779814
WMS2784,BOTANIC B,Class B,315694.57073318644,236531.3431620938
WMS5157,RATHMINES WEST D,Class B,315748.0289669429,230653.26211038267
WMS3452,RATHMINES EAST A,Class B,316073.44687442924,232531.26060129714
WMS1734,BALLYGALL C,Dog Bin,314777.9330837998,238758.17066475903
WMS0027,BALLYMUN C,Class A,316113.0018517274,239366.4463178471
WMS1082,BOTANIC C,Bigbelly Bin,315990.66710925696,236153.4115066595
WMS1919,ROYAL EXCHANGE A,Class A,315625.1197221365,233821.6069722096
WMS5247,KIMMAGE E,Class B,312821.85110549745,231300.70254259824
WMS0541,CLONTARF EAST A,Class A,321282.67959620344,237750.88043846787
WMS4033,KILMORE A,Cast Iron,317720.6786379076,240445.82415084186
WMS1244,SOUTH DOCK,Bigbelly Bin,317247.91689156526,234288.16829131645
WMS0805,MANSION HOUSE B,Class A,316032.81845884235,233699.16989387976
WMS0208,NORTH CITY,Class A,316022.9899241115,234433.8456231912
WMS5162,RATHMINES EAST B,Class B,317684.23455598985,231132.77584881242
WMS5227,GRANGE D,Class B,321895.1162256581,239157.88378846386
WMS3607,GRANGE D,Class B,321412.00644011295,238522.72328412754
WMS0335,NORTH CITY,Class A,315456.4165310429,234630.10421135108
WMS4052,BEAUMONT E,Cast Iron,317839.8231778489,237931.01968414048
WMS4152,NORTH DOCK A,Cast Iron,317420.9584179963,235785.73043263744
WMS0917,PEMBROKE WEST C,Bigbelly Bin,317013.56122483365,232874.02747120522
WMS1234,SOUTH DOCK,Bigbelly Bin,317631.0581418662,234250.31034830218
WMS1794,BEAUMONT C,Bigbelly Bin,319516.3436581557,238735.18876452732
WMS1170,TERENURE A,Bigbelly Bin,314703.0893262103,231617.26196291397
WMS2090,FINGLAS NORTH C,Class B,313652.04416258354,239086.1587321332
WMS3852,PEMBROKE EAST C,Class B,319431.87305949,232233.0257503152
WMS2495,RAHENY-FOXFIELD,Class B,322763.8855928509,238569.0915956327
WMS0799,MANSION HOUSE A,Class A,316581.1000509649,233804.57931938863
WMS4326,MANSION HOUSE B,Cast Iron,316359.8862253056,233397.17438411023
WMS4426,SAINT KEVIN'S,Cast Iron,316094.8528626427,232767.25994497281
WMS3081,PEMBROKE EAST E,Class B,318060.0628249228,232326.40468166853
WMS0090,ROTUNDA A,Class A,315712.65337755135,235600.24506884595
WMS2197,WHITEHALL B,Class B,316121.5065418499,239021.77125042636
WMS0355,ROYAL EXCHANGE A,Class A,315738.69692411984,234247.71510148866
WMS0274,NORTH CITY,Class A,315576.3624304432,234581.04453876914
WMS1506,NORTH CITY,Class A,315503.42867254396,234450.21498628694
WMS0093,INNS QUAY B,Class A,315566.2472067202,235400.01803555992
WMS5168,USHERS D,Class B,313350.58953091747,233224.4863373249
WMS2137,BALLYGALL B,Class B,314277.5401478497,238817.1398986234
WMS0167,NORTH CITY,Class A,316007.39634203014,234705.93168031008
WMS3504,RATHMINES EAST B,Class B,317382.742255488,231778.46764645784
WMS1081,BOTANIC C,Bigbelly Bin,315945.93011639663,236060.36319896783
WMS1929,ROYAL EXCHANGE B,Class A,315560.4435977767,233473.58871122368
WMS0933,PEMBROKE WEST C,Bigbelly Bin,316742.07463310205,232847.15169972758
WMS0706,SAINT KEVIN'S,Class A,315621.7099112769,232959.23881960424
WMS1313,ROYAL EXCHANGE B,Class A,315815.2321469283,233675.06611725318
WMS3834,DRUMCONDRA SOUTH B,Class B,316183.90677724784,236605.78358375942
WMS0198,NORTH DOCK B,Class A,318108.65981503227,234725.5657641138
WMS3654,KIMMAGE E,Class B,312348.1271735332,230895.11537105255
WMS4686,RAHENY-FOXFIELD,Cast Iron,322774.1469331052,238886.7206972571
WMS2030,FINGLAS NORTH C,Class B,312632.7406641111,240136.62945822973
WMS0054,CLONTARF EAST D,Class A,318891.67817651224,235982.4278828682
WMS4667,MERCHANTS QUAY B,Cast Iron,314838.14813391544,233878.9449993388
WMS1149,ROYAL EXCHANGE A,Bigbelly Bin,315447.6984439351,234039.4743405712
WMS0745,MANSION HOUSE B,Class A,316275.0476090224,232987.12783188408
WMS2658,CLONTARF EAST C,Class B,319793.46720044746,237025.43080135083
WMS0405,BALLYGALL C,Class A,315424.5552806782,238682.44369921373
WMS3424,PALMERSTON VILLAGE,Class B,308168.96057130373,233891.12844915516
WMS0790,SOUTH DOCK,Class A,316968.88109509606,233282.15345982157
WMS3014,PEMBROKE WEST A,Class B,317848.98978081794,233780.0433389321
WMS3234,RATHMINES WEST F,Class B,315060.0926562097,231320.1491733031
WMS1480,ARRAN QUAY B,Class A,315012.2117653346,235116.07794830218
WMS1208,NORTH DOCK B,Bigbelly Bin,317594.707743151,234416.14071754031
WMS3756,WHITEHALL D,Class B,317376.3007163402,238546.82118835632
WMS0003,PEMBROKE WEST C,Class A,316833.77198003925,232807.44879808376
WMS4593,MERCHANTS QUAY A,Cast Iron,314826.7967401593,233890.89169965577
WMS4382,MANSION HOUSE B,Cast Iron,316518.1740405003,233556.58965892086
WMS4416,SOUTH DOCK,Cast Iron,317181.1621608115,233909.27949515713
WMS3624,FINGLAS NORTH A,Class B,312317.8654209544,239424.10134756417
WMS2572,GRACE PARK,Class B,317615.8807033752,237859.19321138287
WMS3464,USHERS F,Class B,312924.837685668,233411.96590567668
WMS5014,CLONTARF EAST B,Class B,320957.1649837032,236592.00830182584
WMS0911,PEMBROKE WEST A,Bigbelly Bin,317529.60063424567,232954.40572439757
WMS0061,CLONTARF EAST B,Class A,321404.3941777348,236361.43772975772
WMS1144,ROYAL EXCHANGE A,Bigbelly Bin,315508.1374038661,234133.75235818882
WMS1072,CLONTARF EAST C,Bigbelly Bin,320121.8994799778,235812.66404140368
WMS1239,SOUTH DOCK,Bigbelly Bin,317463.35063667415,234286.50658030197
WMS3440,DECIES,Class B,310071.8203079237,233457.58210260115
WMS1829,ROYAL EXCHANGE A,Class A,315826.45330170856,234066.39685364926
WMS0708,SAINT KEVIN'S,Class A,315623.93693656963,233022.06870116427
WMS5211,BEAUMONT D,Class B,318394.3734683941,238391.1095643723
WMS2719,BOTANIC A,Class B,315200.2607854011,236711.45903772954
WMS1311,BALLYGALL D,Class A,314550.3268496779,238352.0147409034
WMS0489,ROYAL EXCHANGE A,Class A,315768.74013868434,234058.39452939405
WMS0503,BALLYGALL C,Class A,315022.9577279011,239106.33917613563
WMS4656,WOOD QUAY A,Cast Iron,315183.27366015484,233633.54607408214
WMS1899,NORTH CITY,Class A,315529.9110488095,234372.84083518278
WMS3725,BALLYGALL A,Class B,313344.52975260327,239078.469714984
WMS0021,BALLYMUN C,Class A,315788.2229960715,239943.8557576046
WMS2158,BALLYGALL C,Class B,315449.20920536446,238402.54412472443
WMS3546,CABRA EAST C,Class B,314370.21106365585,235881.99502392398
WMS4698,BOTANIC C,Cast Iron,315564.6530546277,236367.73358619513
WMS5096,FINGLAS SOUTH B,Class B,313139.58305069205,238841.8995164096
WMS3328,CRUMLIN D,Class B,312285.60022646387,231937.94694420212
WMS3432,DRUMFINN,Class B,309343.5884801737,234312.85840642292
WMS5221,KILMAINHAM A,Class B,311452.96992709296,233695.54971707985
WMS4529,DRUMFINN,Cast Iron,309813.03479939245,233695.49774151298
WMS2927,INNS QUAY B,Class B,315482.9484779163,235591.02297818265
WMS2379,PRIORSWOOD D,Class B,320228.67524449155,239524.32019902044
WMS4302,ROTUNDA B,Cast Iron,315360.2395974123,234874.5011879801
WMS1999,MANSION HOUSE A,Class A,316263.22046302643,234214.06418922305
WMS0588,USHERS A,Class A,313727.21658719,233825.31317455904
WMS1689,GRANGE E,Dog Bin,321126.8352896464,238847.072008048
WMS4094,RAHENY-St. ASSAM,Cast Iron,321589.4070331875,238223.3796074121
WMS1117,NORTH CITY,Bigbelly Bin,315803.5841261209,234338.22355951145
WMS0040,ROYAL EXCHANGE A,Class A,315550.87107541173,233513.1603720713
WMS0757,CLONTARF WEST A,Class A,319483.10215311544,238334.11345488965
WMS1530,ROYAL EXCHANGE A,Bigbelly Bin,315950.0014493738,234327.74866291633
WMS0811,MANSION HOUSE B,Class A,316151.583770804,233880.1049618246
WMS1896,MANSION HOUSE B,Class A,316177.5480629448,233855.05777499554
WMS0957,NORTH CITY,Class A,315547.0181099676,234562.91921581147
WMS0196,NORTH DOCK C,Class A,316384.01747882913,234522.32989088245
WMS0958,NORTH CITY,Class A,315972.5406630971,234697.05368747533
WMS4442,PEMBROKE EAST B,Cast Iron,318942.86563083646,232839.90388634318
WMS0826,MANSION HOUSE A,Class A,316027.7320888697,234241.53420667103
WMS3946,RATHFARNHAM,Class B,315336.3980351556,230000.10564156505
WMS4605,CARNA,Cast Iron,309474.15977062687,233693.51675770862
WMS0718,TERENURE D,Class A,313887.8105130721,229407.5315552049
WMS5256,CABRA EAST B,Class B,314290.92043750134,235905.3759178151
WMS1453,RATHMINES WEST E,Class A,314530.28331756976,230479.23472095453
WMS0309,ROTUNDA B,Class A,315617.2004675693,235146.31414747713
WMS2594,CLONTARF WEST D,Class B,317583.77798648714,236636.58397812737
WMS2194,WHITEHALL C,Class B,316402.36014690396,239284.26983918453
WMS4060,PRIORSWOOD E,Cast Iron,319109.78027968184,240358.7506729346
WMS2226,WHITEHALL C,Class B,316830.14374513604,239986.5296136624
WMS3113,RATHMINES EAST B,Class B,317497.7839648768,231637.47398341369
WMS5291,CLONTARF WEST D,Class B,317647.17197014525,236272.08970939182
WMS1442,SAINT KEVIN'S,Class A,315591.3676613397,233149.24633101554
WMS0306,ROTUNDA A,Class A,315701.4465964928,235167.3185325373
WMS0591,WOOD QUAY A,Class A,315136.0831574259,233720.57118174143
WMS3874,BOTANIC A,Class B,314611.08259781206,236912.14144230937
WMS0832,MANSION HOUSE B,Class A,316222.6587109315,233683.28595133935
WMS1853,GRANGE A,Bigbelly Bin,322248.199411679,240731.62611435517
WMS3706,BALLYGALL C,Class B,314685.9379399687,238850.6118931907
WMS3671,KIMMAGE B,Class B,313426.6823976794,231620.66132996164
WMS0843,SOUTH DOCK,Class A,317294.01458089374,233907.9976520574
WMS3875,DRUMCONDRA SOUTH B,Class B,316488.80842098134,236098.3517562863
WMS1751,BALLYGALL D,Bigbelly Bin,314658.4881090659,238279.1604148626
WMS3891,ASHTOWN B,Class B,312042.43171103735,236557.72506155068
WMS2296,BEAUMONT B,Class B,318791.49489380186,239232.42540413496
WMS2076,BALLYMUN E,Class B,314617.0816818685,239513.13164228894
WMS3100,PEMBROKE WEST B,Class B,317604.8425688874,231619.28794579845
WMS3774,ASHTOWN A,Class B,311770.1646604695,237349.84738352813
WMS4328,MANSION HOUSE B,Cast Iron,316290.7375585325,233333.51706830054
WMS1935,CABRA EAST A,Bigbelly Bin,315140.0846593145,235875.80381556723
WMS3795,ASHTOWN A,Class B,311078.3691438254,237209.6447978178
WMS5039,BEAUMONT C,Class B,319004.3906696308,238420.05585859358
WMS1827,NORTH CITY,Bigbelly Bin,316055.26675312605,234713.2005598084
WMS2292,BEAUMONT C,Class B,318855.49885868584,238543.7124794561
WMS1511,SAINT KEVIN'S,Class A,315765.54145642545,232945.30459125908
WMS3684,KIMMAGE B,Class B,313108.0197123497,231414.3968818553
WMS5237,WHITEHALL D,Class B,317286.8679311511,238940.62366279977
WMS3276,CRUMLIN C,Class B,313807.34164709365,232603.9420033863
WMS1279,MOUNTJOY A,Bigbelly Bin,316301.47508376365,234995.44910496564
WMS0777,ASHTOWN A,Class A,311580.5660709093,236808.06291583175
WMS2380,PRIORSWOOD D,Class B,320534.0274560079,239947.68366241513
WMS2622,CLONTARF EAST A,Class B,321187.3829174575,237660.94593136144
WMS4267,MOUNTJOY A,Cast Iron,316587.8907375422,235224.64362228606
WMS1361,EDENMORE,Bigbelly Bin,320933.86680015747,239138.60495408386
WMS2125,BALLYGALL C,Class B,314924.9118929262,238457.08421237947
WMS0524,PEMBROKE EAST D,Class A,319002.58398498903,231206.32745002446
WMS1792,EDENMORE,Bigbelly Bin,320621.30758347455,238847.0516349635
WMS3548,BOTANIC A,Class B,314207.14228759013,237773.36410355434
WMS2009,FINGLAS NORTH C,Class B,312963.4211822423,239755.2273619141
WMS2633,CLONTARF EAST A,Class B,321664.3601292534,236763.87858804924
WMS4628,MERCHANTS QUAY A,Cast Iron,314998.89301259833,234020.98283876976
WMS2266,BEAUMONT B,Class B,317797.98806838325,238714.3294864804
WMS0007,BALLYMUN D,Class A,315505.971370518,239743.08292655478
WMS5071,FINGLAS SOUTH B,Class B,313724.45699132874,238219.03537079442
WMS1470,SOUTH DOCK,Bigbelly Bin,317114.24184982665,233940.67209890857
WMS3383,CRUMLIN F,Class B,311917.0886409281,231823.01509606506
WMS5035,CLONTARF WEST A,Class B,319519.2549685084,237964.98719069385
WMS5268,RAHENY-St. ASSAM,Class B,321936.0620460815,238547.92875202894
WMS1765,ROYAL EXCHANGE A,Bigbelly Bin,315977.0435881486,234236.2632034881
WMS4367,SOUTH DOCK,Cast Iron,317175.75749770063,233254.61183101076
WMS1381,CABRA EAST A,Bigbelly Bin,315038.55820784986,235964.4175780668
WMS4332,MANSION HOUSE B,Cast Iron,316564.16295166267,233325.26177110008
WMS1627,ROYAL EXCHANGE B,Class A,315907.0557228343,233896.3443870024
WMS4122,ASHTOWN B,Cast Iron,311394.96400039917,236674.05749696092
WMS3984,CABRA EAST B,Class B,314161.37466597965,235926.02765837236
WMS0359,NORTH CITY,Class A,315544.5859009074,234279.235356858
WMS4497,USHERS C,Cast Iron,314117.19311721873,233716.85192681802
WMS5328,NORTH DOCK A,Class B,317078.56766591687,235581.12666105977
WMS5128,KILMAINHAM B,Class B,311919.13212017424,233429.50904382876
WMS4330,MANSION HOUSE B,Cast Iron,316268.29311736027,233359.53939141627
WMS1051,NORTH CITY,Class A,315961.7601118841,234403.82937782252
WMS1743,CABRA EAST C,Bigbelly Bin,313897.6442572405,235542.66852096483
WMS0268,NORTH CITY,Class A,315664.84211219207,234607.20441578075
WMS2190,AIRPORT,Class B,315971.61048588034,240273.6842901706
WMS3764,CABRA EAST B,Class B,313900.7857292659,236394.12155663324
WMS0015,BALLYMUN C,Class A,315529.4360830612,239782.2083188841
WMS1514,SAINT KEVIN'S,Class A,315730.96527790587,233096.53172807806
WMS1771,ROYAL EXCHANGE B,Class A,315851.4686976813,233911.03768386034
WMS0994,PEMBROKE WEST A,Class A,318144.48811355984,233362.70786354417
WMS2839,RAHENY-St. ASSAM,Class B,321776.16166188684,238420.96784504887
WMS5132,INCHICORE A,Class B,311562.5126932579,233064.29051542192
WMS4324,MANSION HOUSE B,Cast Iron,316289.295150253,233427.35191398923
WMS1655,MERCHANTS QUAY C,Class A,314256.6634352241,233532.5592778248
WMS2569,GRACE PARK,Class B,317727.8965495251,236988.42699736403
WMS5340,SOUTH DOCK,Bigbelly Bin,317535.8380452797,233850.51090825864
WMS2013,FINGLAS NORTH B,Class B,313073.98015811504,239199.9676339401
WMS4271,MOUNTJOY A,Cast Iron,316571.2642604275,235177.85335442904
WMS5170,RATHMINES EAST A,Class B,316139.7406294624,232307.18535419917
WMS4323,ROYAL EXCHANGE B,Cast Iron,315657.1669044092,233627.24205243337
WMS2914,ARRAN QUAY A,Class B,315055.06922098587,235800.62000208913
WMS1496,NORTH CITY,Class A,315690.8989251244,234455.730472084
WMS3911,BALLYBOUGH B,Class B,315946.21466844843,235743.2407556334
WMS0709,SAINT KEVIN'S,Class A,315618.1365032417,233104.54030947373
WMS4121,CABRA EAST A,Cast Iron,314362.9909665511,237106.66019981896
WMS0404,ROYAL EXCHANGE B,Class A,315874.02277074824,233668.07816471905
WMS0236,NORTH CITY,Class A,315837.2989852222,234848.80018490067
WMS1819,INNS QUAY B,Class B,315299.1746251983,235559.52934428962
WMS0272,NORTH CITY,Class A,315593.74295807886,234576.71279677522
WMS4498,USHERS C,Cast Iron,314185.0504792396,233716.99458093042
WMS2001,BOTANIC B,Class B,316093.1695557898,236372.62461654926
WMS4486,MERCHANTS QUAY B,Cast Iron,314616.3601805318,233866.71572016386
WMS0116,NORTH DOCK C,Class A,316481.21127527225,234703.91603793137
WMS3610,GRANGE D,Class B,321497.36677101394,238825.12820019963
WMS2732,CABRA EAST A,Class B,314650.04767297854,236867.6998592909
WMS5017,HARMONSTOWN A,Class B,319537.55204499676,238428.95923378307
WMS4053,BEAUMONT F,Cast Iron,317833.811943861,237933.3648144945
WMS5274,RATHMINES EAST A,Class B,317077.94421595254,232145.66581022373
WMS3820,ASHTOWN B,Class B,311359.6339597495,236865.3404381671
WMS0939,RATHMINES EAST D,Class A,316291.03499987104,231935.09635694267
WMS3527,PEMBROKE EAST D,Class B,319105.1710466628,231338.9942501753
WMS3477,CABRA EAST B,Class B,314354.67342329863,235893.61610848576
WMS3443,INCHICORE B,Class B,310418.0892214912,232498.21063901728
WMS4378,SOUTH DOCK,Cast Iron,317011.46821238595,233239.4133150861
WMS4729,RATHMINES WEST B,Cast Iron,316094.48581179074,232158.49723856643
WMS1447,BEAUMONT E,Dog Bin,318219.53779173485,237882.06299483043
WMS4558,MERCHANTS QUAY B,Cast Iron,314675.3646714913,233799.73765701093
WMS1887,HARMONSTOWN B,Bigbelly Bin,320362.87800950865,238039.46106363868
WMS1570,SOUTH DOCK,Class A,316841.0198843877,233587.2704944413
WMS2281,BEAUMONT B,Class B,318515.3707995633,238846.0847422665
WMS1367,WHITEHALL D,Bigbelly Bin,317051.1777358358,238249.88886078855
WMS5149,TERENURE A,Class B,314380.8906804428,231048.92112838
WMS0055,CLONTARF EAST B,Class A,320809.98910742195,235840.76926099084
WMS5293,ASHTOWN A,Class B,312259.1439285733,237233.27745179407
WMS4088,CLONTARF EAST A,Cast Iron,321475.2184537959,238109.74572744526
WMS2240,WHITEHALL D,Class B,317010.5271343804,238847.3674594823
WMS4220,ROTUNDA A,Cast Iron,315672.0159547267,235208.5256624229
WMS5049,KILMORE C,Class B,318773.49734782695,239851.85584734165
WMS2331,BEAUMONT D,Class B,318321.2285899614,238134.17187103446
WMS1849,CLONTARF WEST B,Class A,318779.3582762052,237507.88106956464
WMS2077,BALLYMUN E,Class B,314813.81708457536,239485.09903221854
WMS4159,NORTH DOCK C,Cast Iron,317183.637555953,234770.99981965657
WMS2915,ARRAN QUAY C,Class B,314601.2340511775,234422.64460172984
WMS0776,RATHMINES EAST D,Class A,316491.45144207816,231833.11372507553
WMS4592,SOUTH DOCK,Cast Iron,317114.6609126099,233178.71797026685
WMS5264,PEMBROKE EAST D,Class B,318161.75966285303,230945.77929757384
WMS0310,ROTUNDA B,Class A,315594.18315241724,235130.24582008878
WMS1555,PEMBROKE EAST E,Bigbelly Bin,318013.5537742019,232364.89777534633
WMS0296,WHITEHALL D,Class A,317047.26942048926,238248.29116547437
WMS0838,MANSION HOUSE A,Class A,316569.146976543,234074.27751674844
WMS0567,ROYAL EXCHANGE A,Class A,315520.5371345888,233394.18226938185
WMS0752,SAINT KEVIN'S,Class A,316362.3355527817,232827.3730934886
WMS4543,DRUMFINN,Cast Iron,309777.3487566386,233681.56854210037
WMS3908,CLONTARF EAST D,Class B,319299.004954046,236998.44770118335
WMS0945,RATHMINES WEST B,Class A,315663.9778202183,232066.49922727695
WMS0436,KIMMAGE C,Class A,313875.8746953396,231343.8921488308
WMS1510,NORTH CITY,Class A,315467.37761889,234449.1166153093
WMS2097,BALLYMUN E,Class B,314538.1538594029,239175.42328535084
WMS2525,CLONTARF WEST C,Class B,318621.8971661933,236632.10139432328
WMS3066,RATHMINES WEST F,Class B,314802.2379551468,231189.5617225834
WMS1370,PRIORSWOOD D,Bigbelly Bin,320613.0279558607,240006.43194057295
WMS0458,ROYAL EXCHANGE A,Class A,315387.46795084013,234000.112072397
WMS5240,RAHENY-FOXFIELD,Class B,322427.9157199924,239008.8295430626
WMS1435,ASHTOWN A,Bigbelly Bin,311593.46609193063,236894.75261039156
WMS1663,WHITEHALL B,Dog Bin,316667.8027689626,238785.0778402779
WMS1353,BALLYGALL C,Bigbelly Bin,315050.5762855793,239103.6835183627
WMS3080,PEMBROKE EAST E,Class B,318391.4347299028,232067.07862982678
WMS5027,GRACE PARK,Class B,318559.33250868163,237567.7797701522
WMS1010,NORTH CITY,Class A,315793.27298938466,234952.95649942796
WMS3627,WOOD QUAY B,Class B,315358.8077463827,233128.34300151042
WMS3620,RAHENY-St. ASSAM,Class B,322473.2600438185,237865.6678584372
WMS1569,NORTH CITY,Class A,315836.99364687956,234366.93396180178
WMS4156,NORTH DOCK B,Cast Iron,318100.39884120837,235159.14125444574
WMS0178,NORTH CITY,Class A,316026.31756071205,234530.22814093507
WMS1106,CRUMLIN F,Bigbelly Bin,312155.48408098303,232010.56652176485
WMS1883,CARNA,Bigbelly Bin,309380.4705244685,233708.66620282514
WMS0909,PEMBROKE WEST C,Bigbelly Bin,317359.5047374462,233234.57442704198
WMS1069,RAHENY-St. ASSAM,Bigbelly Bin,321563.4906314312,238197.85038245632
WMS1294,MANSION HOUSE A,Bigbelly Bin,316903.35504849395,234338.31847065556
WMS4109,GRACE PARK,Cast Iron,318447.8265210215,237373.53874852546
WMS0441,GRANGE C,Class A,322288.97638832266,239993.16108042627
WMS0417,PEMBROKE EAST E,Class A,318315.7300865577,232574.68078579442
WMS4177,MOUNTJOY B,Cast Iron,315899.73319043097,235562.32942313864
WMS1048,MANSION HOUSE A,Class A,316002.5528268685,234216.73895771196
WMS0850,MANSION HOUSE A,Class A,316864.8081550918,234000.3911877854
WMS2041,FINGLAS NORTH A,Class B,312439.5314208749,239923.39748758829
WMS1951,KILMORE D,Bigbelly Bin,319753.429197395,239046.3479970506
WMS4732,MANSION HOUSE B,Cast Iron,316797.76776598464,233579.78127228556
WMS0794,SOUTH DOCK,Class A,316946.53956937557,233310.73000670812
WMS4580,NORTH CITY,Cast Iron,316158.82209773676,235023.84905021967
WMS4763,ROTUNDA A,Cast Iron,315990.47204646765,235392.6659287337
WMS3647,KIMMAGE B,Class B,313310.522799589,231256.2478419707
WMS1515,SAINT KEVIN'S,Class A,315738.9855627096,232990.96785884254
WMS4422,SAINT KEVIN'S,Cast Iron,316241.52327137964,232734.10618447524
WMS4256,MOUNTJOY A,Cast Iron,316303.25614458707,234774.48219054946
WMS2044,FINGLAS NORTH A,Class B,312561.3648191386,240079.04755751006
WMS0992,WHITEHALL D,Class A,317102.4321763684,238230.42782033986
WMS3881,BEAUMONT A,Class B,317481.801918528,239337.31870824558
WMS0736,MANSION HOUSE B,Class A,316175.9378965114,233220.9179416887
WMS2593,CLONTARF WEST E,Class B,317491.6276181486,236826.8167338067
WMS4567,NORTH DOCK C,Cast Iron,316958.3363955792,235033.44983248584
WMS4724,MANSION HOUSE A,Cast Iron,316394.3755862039,234246.44470375383
WMS1325,RATHMINES WEST D,Class A,315613.76370929787,231474.93840689637
WMS1934,CLONTARF EAST A,Bigbelly Bin,321260.20182466734,237973.99161081045
WMS1064,BALLYMUN F,Bigbelly Bin,314047.64668165066,239163.26030535903
WMS3967,ARRAN QUAY E,Class B,313713.0453231152,235159.0233314562
WMS4401,MANSION HOUSE A,Cast Iron,316715.23656276835,233770.78308197635
WMS0748,PEMBROKE WEST C,Class A,316513.7818380097,232606.4287539162
WMS3958,CLONTARF EAST B,Class B,320590.72625963663,236657.93809573428
WMS1562,NORTH CITY,Class A,315626.58097919356,234581.8458262585
WMS2796,ASHTOWN A,Class B,311620.6364955031,236768.28974600718
WMS3010,PEMBROKE EAST A,Class B,318055.6885126259,234089.5537397352
WMS3495,PEMBROKE EAST B,Class B,318995.69748867536,232906.5679417681
WMS4044,BEAUMONT D,Cast Iron,318562.42332695785,238574.5226974401
WMS3233,RATHMINES WEST F,Class B,315036.62898968195,231294.5464555944
WMS3335,WALKINSTOWN A,Class B,311141.3774949913,230968.28566287612
WMS5192,MANSION HOUSE A,Class B,316565.68398821435,234202.38970870746
WMS3801,KILMAINHAM C,Class B,312199.8064393971,233503.90747944548
WMS0973,MANSION HOUSE B,Class A,315993.08023020567,233706.4031347071
WMS4460,DRUMFINN,Cast Iron,309529.60153686587,234756.238837954
WMS0411,NORTH CITY,Class A,315835.81296749914,234655.81721925767
WMS2078,BALLYMUN E,Class B,314882.4643708638,239475.01051965012
WMS1362,EDENMORE,Bigbelly Bin,321065.0391665982,239122.00123011429
WMS0516,MERCHANTS QUAY E,Class A,314672.89595461363,232603.63689119043
WMS1742,CABRA WEST D,Bigbelly Bin,313329.6009234296,235914.1204347448
WMS0156,BOTANIC C,Class A,315975.5979366223,236121.37338087338
WMS0823,MANSION HOUSE A,Class A,316165.02651778713,233890.28473816713
WMS5056,AYRFIELD,Class B,321246.1547129575,239620.3326316228
WMS4078,GRANGE B,Cast Iron,322904.6112100532,240231.3236657834
WMS4464,CHAPELIZOD,Cast Iron,310489.2471587035,234318.33079230916
WMS0100,INNS QUAY A,Class A,315860.99300313613,235898.2091922123
WMS3446,BALLYGALL C,Class B,315456.3347951694,238956.05056221643
WMS1941,PEMBROKE WEST B,Class A,317518.4909977146,231658.7840768933
WMS4717,MERCHANTS QUAY A,Cast Iron,314593.1374501014,233890.21115890294
WMS4716,USHERS C,Cast Iron,314074.8130557093,233913.32841007842
WMS1726,INNS QUAY C,Dog Bin,315046.42542532773,234409.18476819654
WMS4671,MERCHANTS QUAY C,Cast Iron,314650.72339483246,233171.37321404685
WMS1634,FINGLAS SOUTH B,Dog Bin,313654.9350248928,237906.49641394793
WMS1973,MANSION HOUSE B,Class A,316021.18387934373,233925.26814310523
WMS2750,ASHTOWN A,Class B,312785.97663959325,236939.62286953488
WMS1918,ROYAL EXCHANGE A,Class A,315566.8496689603,233664.76203835887
WMS2934,INNS QUAY B,Class B,315380.0387696894,235385.9179568894
WMS5182,BALLYMUN F,Class B,314002.24498835637,239660.73374735872
WMS0406,MERCHANTS QUAY E,Class A,314676.777671355,232585.01222866174
WMS5045,RAHENY-FOXFIELD,Class B,322888.0767287577,238610.72605248145
WMS2440,RAHENY-FOXFIELD,Class B,322874.89816869615,238819.4470693181
WMS2489,RAHENY-St. ASSAM,Class B,322252.4516503522,238081.9089387869
WMS3119,RATHMINES EAST A,Class B,317157.03387506877,232044.03449667068
WMS0751,RATHMINES EAST A,Class A,316455.38351970084,232668.12289673858
WMS2988,SAINT KEVIN'S,Class B,315493.35280017904,233036.29067866923
WMS4458,CARNA,Cast Iron,309401.6406766765,233701.69153314328
WMS2326,GRACE PARK,Class B,318284.1972167938,237744.75882617402
WMS3966,CABRA EAST B,Class B,313902.52855298645,236095.5212598123
WMS1310,PEMBROKE EAST A,Class A,318202.84044814995,233816.9905571628
WMS0492,ROYAL EXCHANGE A,Class A,315571.8434404088,234044.2877279918
WMS3468,HARMONSTOWN A,Class B,319678.04308051075,238752.5916435019
WMS0738,MANSION HOUSE B,Class A,316193.40736840514,233260.43167869805
WMS1776,MANSION HOUSE A,Class A,316567.74679791706,234258.36594724594
WMS2492,RAHENY-St. ASSAM,Class B,322149.7782884901,238317.29144585718
WMS0961,RATHMINES WEST A,Class A,315656.7257706849,232153.8727482465
WMS3910,CLONTARF WEST D,Class B,317228.7279947266,236184.3936595887
WMS4017,BALLYGALL A,Cast Iron,313264.0959672745,238916.0747519996
WMS2350,KILMORE C,Class B,319464.59318045824,239447.40657699862
WMS1336,RATHMINES EAST A,Class A,316470.38762528775,231860.493247353
WMS2295,BEAUMONT B,Class B,318742.6011941603,238724.59184559705
WMS4077,GRANGE C,Cast Iron,322627.9327041779,239710.4519673408
WMS3945,WOOD QUAY A,Class B,315133.3825240732,233340.67044470197
WMS3364,KIMMAGE A,Class B,312337.09798517113,231187.86099216333
WMS4146,NORTH DOCK C,Cast Iron,316982.6025628279,235029.0007696285
WMS2687,GRANGE D,Class B,322017.1294844807,239332.60698375478
WMS3745,TERENURE B,Class B,313606.14474105096,230698.1340257472
WMS2654,CLONTARF EAST A,Class B,320251.89774351596,237333.85947650403
WMS0181,NORTH CITY,Class A,315978.5256870766,234533.34107709152
WMS0719,SAINT KEVIN'S,Class A,315600.85478747083,232969.41788910233
WMS5163,GRANGE A,Class B,321425.7561181066,240437.95761031623
WMS2715,DRUMCONDRA SOUTH C,Class B,315582.80976715416,237585.35165955772
WMS4130,CABRA EAST C,Cast Iron,313369.34515280684,234879.726006669
WMS3873,CABRA EAST A,Class B,313839.97390203073,237530.80121369532
WMS2656,CLONTARF EAST D,Class B,318980.3331088414,236196.02705542918
WMS1297,MANSION HOUSE A,Bigbelly Bin,316712.50849726325,234370.99966859247
WMS4023,NORTH DOCK A,Cast Iron,317332.32015065744,235869.37727092466
WMS1893,GRANGE A,Class A,322199.26582404977,240341.30608377774
WMS4596,ROTUNDA A,Cast Iron,315678.08757905324,235442.09880625122
WMS5254,FINGLAS SOUTH B,Class B,313993.7467070659,237823.3384283063
WMS4624,MERCHANTS QUAY B,Cast Iron,314521.57679580536,233891.19760649162
WMS1537,MOUNTJOY A,Bigbelly Bin,316258.02210967435,235060.47820256205
WMS4165,NORTH DOCK C,Cast Iron,316862.0690652072,234560.9639304038
WMS0428,INNS QUAY C,Class A,315004.9505850905,234192.62619426395
WMS2731,CABRA EAST A,Class B,314991.53128732764,236632.95418521826
WMS0016,BALLYMUN D,Class A,315528.34439615667,239734.15735177882
WMS0968,CHAPELIZOD,Class A,310360.35277660965,234450.53407737482
WMS3545,BEAUMONT F,Class B,317425.0361664461,238110.03271638064
WMS2361,PRIORSWOOD D,Class B,320181.95298928313,239932.38936529047
WMS0325,NORTH CITY,Class A,315480.7634153198,234702.8359565564
WMS0324,NORTH CITY,Class A,315505.0871011956,234699.56404497815
WMS0796,SOUTH DOCK,Class A,316875.1112546424,233639.4796933859
WMS3849,DRUMFINN,Class B,308944.81767608883,233989.03956279313
WMS3857,ASHTOWN A,Class B,312302.86535463267,236861.7333320152
WMS4185,ARRAN QUAY B,Cast Iron,314287.5880356375,234977.20186800405
WMS3835,BOTANIC B,Class B,315202.86363489606,236689.61737149188
WMS3637,KILMAINHAM B,Class B,311495.92235373193,233719.3008371612
WMS2483,RAHENY-St. ASSAM,Class B,321875.39550839073,238166.0896927487
WMS5141,USHERS A,Class B,313560.3771165819,233732.42495174007
WMS1420,CLONTARF EAST C,Class A,319609.83154608496,235881.88047243428
WMS1153,BALLYMUN A,Bigbelly Bin,313653.3902885787,240871.62250504026
WMS0197,NORTH DOCK C,Class A,316435.126150806,234524.8884138208
WMS1240,SOUTH DOCK,Bigbelly Bin,317474.8863148735,234264.42947570473
WMS1556,NORTH CITY,Class A,315725.0692392899,234324.27436567092
WMS1842,TERENURE D,Class A,313799.7930678305,229488.99442029733
WMS2163,BALLYMUN D,Class B,315530.5475861818,239391.97933262933
WMS2589,CLONTARF WEST D,Class B,317527.68190263456,236430.55785100078
WMS5263,WALKINSTOWN A,Class B,310515.6772634625,231857.00734113262
WMS0205,CLONTARF EAST E,Class A,319816.839436851,237409.26320762892
WMS3169,RATHFARNHAM,Class B,315867.7997227495,230359.69316702115
WMS3918,BOTANIC A,Class B,315192.51681271294,237533.96440676783
WMS0070,PHOENIX PARK,Class A,313566.4165241901,234437.50638568646
WMS2365,KILMORE C,Class B,319009.13361851464,239803.1641023691
WMS5019,BEAUMONT B,Class B,318737.3256141972,238678.50116735112
WMS5285,GRANGE A,Class B,321307.8848786298,240667.0628234574
WMS3580,KIMMAGE E,Class B,313497.87625714194,230635.70271660783
WMS1091,ARRAN QUAY C,Bigbelly Bin,314719.7879144942,234622.43443225004
WMS2486,RAHENY-St. ASSAM,Class B,322639.360993335,238092.86394522878
WMS1968,ROYAL EXCHANGE B,Class A,315874.26005256886,233659.58704634904
WMS4144,NORTH DOCK C,Cast Iron,316830.14866296086,235185.83672733913
WMS5201,CLONTARF WEST D,Class B,317558.45070182916,236208.87491853512
WMS4246,ROTUNDA A,Cast Iron,316090.58262172795,235164.10197758116
WMS5140,TERENURE B,Class B,313656.0532792765,230763.37551479036
WMS0004,BALLYMUN D,Class A,315506.9891573629,239637.05696004347
WMS0546,ROYAL EXCHANGE B,Class A,315580.0788485715,233660.8598824477
WMS3727,FINGLAS NORTH C,Class B,313635.80216660583,239620.60453975043
WMS5094,FINGLAS NORTH B,Class B,312388.25789082504,239124.81504539194
WMS1121,NORTH CITY,Bigbelly Bin,315930.2238148547,234390.6543404188
WMS1269,NORTH DOCK C,Bigbelly Bin,316872.21077539667,234661.39746937042
WMS3830,CLONTARF WEST C,Class B,318384.34862700204,237288.16428024473
WMS0462,ROYAL EXCHANGE A,Class A,315409.7179194974,233968.97887092215
WMS4126,CABRA EAST C,Cast Iron,313749.0503564697,235301.15582014385
WMS5233,BALLYMUN D,Class B,314978.4627725393,239724.32750262422
WMS0464,ROYAL EXCHANGE A,Class A,315439.5289565303,234008.94153363118
WMS2717,DRUMCONDRA SOUTH C,Class B,315536.77307364263,237539.38017587925
WMS3591,RAHENY-FOXFIELD,Class B,322793.73987382103,238338.39316708728
WMS3955,KILMAINHAM B,Class B,311424.7260628451,233721.91175938674
WMS1953,CLONTARF WEST A,Bigbelly Bin,319245.38459298573,237661.14696555276
WMS3507,PEMBROKE WEST A,Class B,317831.1063233406,232993.36085128252
WMS0566,ROYAL EXCHANGE A,Class A,315546.1836744124,233471.02530903064
WMS3145,RATHMINES EAST B,Class B,317447.1569710439,231011.64192037168
WMS3792,GRANGE A,Class B,321714.3756736435,240409.26034829137
WMS1302,MANSION HOUSE A,Bigbelly Bin,316426.07230677357,234412.6553865759
WMS3895,PEMBROKE EAST E,Class B,317953.1454580866,232404.0877753992
WMS0097,INNS QUAY A,Class A,315709.7049392937,235633.47878299878
WMS4462,CHAPELIZOD,Cast Iron,310371.5708909945,234372.32110764566
WMS1282,NORTH DOCK B,Bigbelly Bin,317915.6043258704,234550.14236492373
WMS3889,CLONTARF EAST D,Class B,318910.88169911364,236033.29834362085
WMS2745,BOTANIC A,Class B,314365.74261457566,237140.71644997946
WMS1962,ROYAL EXCHANGE B,Class A,315805.0237115244,233605.7208854187
WMS3668,FINGLAS SOUTH A,Class B,312121.80292721675,238494.06305914663
WMS0442,NORTH CITY,Class A,315439.89270166936,234387.3639621324
WMS5169,RATHMINES WEST A,Class B,314723.25865647185,231638.22170913586
WMS4145,NORTH DOCK C,Cast Iron,316953.0955162461,235063.8092904928
WMS0332,NORTH CITY,Class A,315404.26770322083,234664.23494023294
WMS0373,NORTH CITY,Class A,315796.7575772664,234490.32720937478
WMS3518,ARRAN QUAY A,Class B,314986.79762988637,235402.08770374247
WMS3638,CRUMLIN B,Class B,312964.39316910616,232230.25277150556
WMS0500,PEMBROKE WEST B,Class A,317694.65672454325,232320.79319920207
WMS0769,WOOD QUAY B,Class A,315068.20072185015,232414.24271098644
WMS0646,ROYAL EXCHANGE A,Class A,315812.6434736669,233978.49687020492
WMS0676,MANSION HOUSE B,Class A,316231.6631512242,233450.78280836984
WMS0303,ROTUNDA A,Class A,315756.5585964592,235095.6920803158
WMS5081,BALLYMUN A,Class B,314669.3590990341,240224.86019663204
WMS5180,ASHTOWN A,Class B,311965.7412484677,237466.5264562992
WMS3846,KILMAINHAM C,Class B,312674.0404777358,233576.97963444697
WMS3558,CABRA WEST B,Class B,313566.14349626855,236954.07453258318
WMS3650,KIMMAGE A,Class B,312905.6373399857,231353.19743091552
WMS2913,ARRAN QUAY A,Class B,315055.7011304251,235838.4801542235
WMS2848,BALLYBOUGH B,Class B,315832.713154036,235778.82419403465
WMS2582,DRUMCONDRA SOUTH A,Class B,317282.90452855645,237047.65043515633
WMS0017,BALLYMUN D,Class A,315530.6887179329,239705.02897856283
WMS1780,GRANGE E,Bigbelly Bin,321362.34980515897,239400.9318574277
WMS1205,NORTH DOCK B,Bigbelly Bin,317797.62719203637,234417.7696724631
WMS3986,BOTANIC B,Class B,315610.962375815,236929.48933935433
WMS4478,USHERS B,Cast Iron,314039.14684954623,233931.4299343948
WMS0589,WOOD QUAY A,Class A,315134.69690562366,233644.9327829683
WMS3062,PEMBROKE WEST B,Class B,317762.2011315817,232888.4460534447
WMS3269,TERENURE B,Class B,314335.221648216,230711.9964721491
WMS4027,KILMORE A,Cast Iron,317703.6107716131,240257.23781912852
WMS5073,FINGLAS SOUTH B,Class B,313355.0801554173,238672.27054534107
WMS5295,CABRA EAST C,Class B,314089.3646235621,235497.47974763706
WMS5271,ASHTOWN B,Class B,311945.0170975801,236440.90745729697
WMS1947,ROTUNDA B,Class A,315637.3966002366,234969.37883194516
WMS3029,PEMBROKE EAST C,Class B,319516.92647866043,232040.18094718203
WMS1566,NORTH DOCK B,Class B,317500.1361162716,235656.35237463785
WMS1242,SOUTH DOCK,Bigbelly Bin,317300.3925448114,234303.72593538818
WMS3094,PEMBROKE WEST B,Class B,317145.2137469073,232094.5752566943
WMS4586,MANSION HOUSE B,Cast Iron,316621.82109583786,233499.39163666347
WMS2497,RAHENY-St. ASSAM,Class B,321680.7420642843,238292.35716933737
WMS0904,PEMBROKE WEST B,Bigbelly Bin,317854.5740104621,232504.639797605
WMS3092,PEMBROKE WEST C,Class B,316676.0301344036,232485.99867570313
WMS3667,FINGLAS SOUTH A,Class B,312312.1424791467,238733.2103314934
WMS4705,MERCHANTS QUAY B,Cast Iron,314949.360926016,233731.75486315705
WMS5292,INNS QUAY B,Class B,315237.93023026094,235789.4069822065
WMS3124,PEMBROKE EAST D,Class B,317877.47475152643,231349.23876031375
WMS0223,NORTH CITY,Class A,315903.7730884438,234728.26832582804
WMS3608,ASHTOWN A,Class B,312185.7940339133,237068.84615021065
WMS2716,DRUMCONDRA SOUTH C,Class B,315534.8101126487,237647.0055492028
WMS3278,CRUMLIN C,Class B,314328.846626192,232501.1824730268
WMS5189,PEMBROKE WEST A,Class B,318223.1668494141,233028.79621329176
WMS1457,ARRAN QUAY C,Bigbelly Bin,314721.475645272,234590.82599498716
WMS2093,BALLYGALL B,Class B,314017.6463897238,239127.6041864792
WMS2508,CLONTARF EAST E,Class B,320137.3088379355,237623.31680333856
WMS3665,FINGLAS SOUTH A,Class B,312555.90708672395,238893.9651580062
WMS4623,ROTUNDA A,Cast Iron,316062.3678921991,235000.6503836704
WMS0110,MOUNTJOY A,Class A,316407.9878329702,234681.77972810454
WMS1722,WHITEHALL B,Bigbelly Bin,316012.7015941895,239233.30108774485
WMS1334,RATHMINES EAST A,Class A,316411.4010784743,231903.46756769318
WMS4723,MERCHANTS QUAY B,Cast Iron,314969.4826687352,233687.75236394946
WMS5226,WHITEHALL B,Class B,315982.5442441485,239042.73016972071
WMS3746,TERENURE C,Class B,313322.7692617098,229791.5684176539
WMS1454,BOTANIC A,Class A,315090.2634745746,236613.98018636153
WMS3796,KIMMAGE C,Class B,314889.352316013,232298.2227122683
WMS0132,GRANGE D,Class A,321486.298544511,238742.55857110856
WMS4239,ROTUNDA A,Cast Iron,316105.6401372921,235155.4226870248
WMS1558,NORTH CITY,Class A,315712.4565435444,234326.28284965942
WMS4019,BALLYGALL A,Cast Iron,313202.75729894463,238995.67632401484
WMS3805,EDENMORE,Class B,320455.29993590084,239031.4551203677
WMS1806,MOUNTJOY A,Bigbelly Bin,316349.7776031613,234800.62211065122
WMS0484,ROYAL EXCHANGE A,Class A,315873.4219556669,234099.694354716
WMS0043,BALLYMUN C,Class A,315558.08637862775,239390.565590669
WMS4675,GRANGE A,Cast Iron,321651.6370237439,239528.47140528142
WMS0226,NORTH CITY,Class A,315887.01804617496,234782.70930279462
WMS1838,ROYAL EXCHANGE A,Class A,315937.7963093302,234052.45484971735
WMS1473,NORTH CITY,Class A,316010.05317242595,234697.1419990062
WMS4745,CABRA EAST C,Class A,313830.64490127884,235389.66777955723
WMS1885,USHERS F,Class A,313290.5438491724,233381.08670095977
WMS1859,NORTH DOCK C,Class A,316275.6266903156,234567.4583489115
WMS1823,NORTH CITY,Bigbelly Bin,316164.2296876565,234754.43588228832
WMS3604,BALLYGALL A,Class B,313227.63837886724,238966.09691973857
WMS4124,CABRA EAST C,Cast Iron,313906.55766079255,235436.47381009982
WMS1554,NORTH CITY,Class A,315723.09815454495,234758.2532331983
WMS0237,NORTH CITY,Class A,315858.8682313105,234777.6600272517
WMS1772,ROYAL EXCHANGE B,Class A,315863.0555757055,233917.0769800315
WMS4229,MOUNTJOY B,Cast Iron,316218.37529313477,235248.07853212304
WMS2133,CRUMLIN F,Class B,311985.01417785796,231812.46464072933
WMS2825,CABRA EAST C,Class B,313656.3077123714,235310.07142920038
WMS5053,CLONTARF EAST C,Class B,319739.94535731093,236226.9055841244
WMS1411,CLONTARF EAST B,Class A,320443.39452149445,235687.68622878517
WMS0594,MERCHANTS QUAY B,Class A,315070.2106025508,233892.43523473287
WMS5242,NORTH DOCK B,Class B,318102.65964531596,235144.82381812058
WMS1560,NORTH CITY,Class A,315674.1532274918,234468.5424551567
WMS0712,ROYAL EXCHANGE B,Class A,315597.2210732704,233187.90860027127
WMS1304,MANSION HOUSE A,Bigbelly Bin,316373.64669452806,234409.96488232623
WMS1971,ROYAL EXCHANGE B,Class A,315952.60957278206,233830.4895841665
WMS5109,NORTH DOCK B,Class B,317590.5367598415,235332.57431689397
WMS5058,WHITEHALL A,Class B,316441.4891361863,238574.39796182353
WMS1873,PEMBROKE EAST A,Class B,321283.5249188,233787.99052138272
WMS1837,ROYAL EXCHANGE A,Class A,315775.38069636736,234030.1932284534
WMS4289,MOUNTJOY A,Cast Iron,316360.5618346394,234872.43502717002
WMS4446,PEMBROKE WEST C,Cast Iron,316696.90441308386,232444.06033254182
WMS1520,NORTH CITY,Bigbelly Bin,315420.1142853658,234230.69035377743
WMS2959,INNS QUAY B,Class B,315417.54191409156,235178.73421316833
WMS4048,BEAUMONT B,Cast Iron,318279.36256362137,238813.415948481
WMS4396,MANSION HOUSE A,Cast Iron,316688.3149737378,233920.97352810006
WMS3469,PHOENIX PARK,Class B,313349.5869340022,234442.56545214637
WMS5313,PEMBROKE WEST A,Class B,317675.9550018187,233297.9009970053
WMS1633,FINGLAS SOUTH B,Dog Bin,313281.78507165425,237791.78137676668
WMS4339,SOUTH DOCK,Cast Iron,316802.64157562377,233108.66882933312
WMS0585,WOOD QUAY A,Class A,315134.9582585388,233615.5032384295
WMS1438,CLONTARF EAST A,Bigbelly Bin,321292.27770771657,237756.17174372435
WMS1270,NORTH DOCK C,Bigbelly Bin,316870.128661872,234639.47723666893
WMS5142,USHERS A,Class B,313579.07711617305,233746.46740605898
WMS0695,SAINT KEVIN'S,Class A,315751.0380582855,233202.17809391106
WMS1705,RATHFARNHAM,Dog Bin,315056.0394981555,230260.88714443537
WMS3282,KILMAINHAM C,Class B,312769.23567260837,233527.2606805101
WMS4149,NORTH DOCK C,Cast Iron,317073.5603790708,234901.41619228854
WMS1210,NORTH DOCK B,Bigbelly Bin,317390.04099620983,234431.0165951388
WMS4141,BALLYBOUGH A,Cast Iron,316652.0727424103,235421.124457693
WMS0841,MANSION HOUSE A,Class A,316936.00731216266,233958.52412803262
WMS1175,PEMBROKE EAST B,Bigbelly Bin,318937.8732915747,232813.34253495894
WMS5139,INCHICORE B,Class B,310404.9867769868,232100.0221271557
WMS0008,BALLYMUN D,Class A,315506.1595032487,239816.04384566966
WMS1326,RATHMINES WEST C,Class A,315688.1882508924,231356.90081566575
WMS4069,PRIORSWOOD E,Cast Iron,318863.0500001018,240571.1107224243
WMS1352,BALLYGALL C,Bigbelly Bin,315467.37404047453,238575.89527773278
WMS3225,TERENURE B,Class B,314501.67219635355,230405.41784511786
WMS2423,EDENMORE,Class B,320859.6629435598,239300.57161714492
WMS2246,KILMORE A,Class B,317456.6768041564,240046.2931391028
WMS4192,ARRAN QUAY C,Cast Iron,314464.38858340296,234677.21378225583
WMS3250,KIMMAGE C,Class B,313744.0176692546,232001.81202681168
WMS1418,CLONTARF EAST C,Class A,320032.34949541785,235798.10413361993
WMS1265,RATHFARNHAM,Bigbelly Bin,314534.88120437233,230216.33801687596
WMS5187,CRUMLIN D,Class B,312996.54605453106,232092.20349583015
WMS4602,MERCHANTS QUAY A,Cast Iron,315035.2208463625,233928.24791199336
WMS5301,FINGLAS NORTH B,Class B,313097.61509055714,238841.3175806969
WMS4140,INNS QUAY A,Cast Iron,315399.20089544635,235832.57049711535
WMS2147,WHITEHALL A,Class B,315493.40039773233,238841.1554173415
WMS2320,CLONTARF WEST B,Class B,318827.0362622015,237811.47090222326
WMS1932,PEMBROKE EAST A,Bigbelly Bin,319049.35610672843,233071.2714359191
WMS0999,ROYAL EXCHANGE B,Class A,315892.0214101187,233716.19846176959
WMS5330,CLONTARF WEST D,Class B,317361.8143149526,236038.28562910526
WMS4312,ARRAN QUAY C,Cast Iron,314437.38009749155,234284.43756178216
WMS3337,WALKINSTOWN A,Class B,311252.58455915225,231386.12564586877
WMS1483,BALLYMUN A,Bigbelly Bin,314648.3422916574,240244.23562013643
WMS0928,PEMBROKE WEST C,Bigbelly Bin,317131.40044658864,232838.72723415564
WMS2534,CLONTARF WEST B,Class B,318652.41183395364,237434.1443296691
WMS3224,TERENURE B,Class B,314487.4983181435,230327.0108281222
WMS1299,MANSION HOUSE A,Bigbelly Bin,316552.87831610744,234386.87870719392
WMS3901,PEMBROKE EAST E,Class B,318445.6719786252,232177.66025041422
WMS4680,MANSION HOUSE B,Cast Iron,316500.3275454458,233285.23373421954
WMS3659,FINGLAS NORTH C,Class B,313379.1476585132,239282.33588728082
WMS1184,MOUNTJOY A,Bigbelly Bin,316405.1568510372,235129.25597473118
WMS0099,INNS QUAY A,Class A,315826.0830028396,235832.7189143478
WMS1808,MOUNTJOY A,Bigbelly Bin,316317.7678571667,234790.56866033646
WMS3194,RATHFARNHAM,Class B,315561.0616050902,229802.28662216372
WMS2500,RAHENY-St. ASSAM,Class B,321918.926829875,238126.4634668553
WMS3924,BALLYGALL C,Class B,314589.23754159146,239155.67145272763
WMS1609,DRUMCONDRA SOUTH C,Bigbelly Bin,316300.27877089346,237106.63923613256
WMS0990,MERCHANTS QUAY A,Class A,314976.66484440747,234121.65209718185
WMS5215,KILMORE A,Class B,317838.8936135418,240049.5947966827
WMS0537,GRANGE D,Class A,322611.2685218946,239352.08948075812
WMS1486,SOUTH DOCK,Class A,317148.81538571836,234114.66392736053
WMS4190,ARRAN QUAY C,Cast Iron,314445.15007405105,234469.91004075238
WMS4381,MANSION HOUSE B,Cast Iron,316524.41180096153,233530.58854894238
WMS2343,KILMORE C,Class B,319978.97085793177,239316.15314232986
WMS1892,GRANGE D,Class A,322208.7041149811,239099.35049047356
WMS2984,SAINT KEVIN'S,Class B,315413.2685357552,232786.87434539365
WMS3974,USHERS E,Class B,313671.3439349409,232890.24456067636
WMS3238,RATHFARNHAM,Class B,315171.0598999051,229814.39969523318
WMS0182,NORTH CITY,Class A,315982.11001515423,234518.2743709956
WMS2122,BALLYGALL B,Class B,314740.42844804015,238355.27711147582
WMS1288,SOUTH DOCK,Bigbelly Bin,317154.8187646117,234308.94251350366
WMS4721,WOOD QUAY A,Cast Iron,315227.23766016646,233629.21684142342
WMS5083,BALLYMUN A,Class B,314695.18574808066,240199.9204431888
WMS4193,ARRAN QUAY E,Cast Iron,314439.02398074005,234737.98739552562
WMS1924,ROYAL EXCHANGE A,Class A,315652.35556061624,233931.51212985817
WMS1903,NORTH CITY,Class A,315460.9594374073,234694.15432347407
WMS3925,BALLYMUN F,Class B,314045.8201754251,239482.59825922607
WMS1349,KIMMAGE D,Class A,313797.50114961574,231414.59035115322
WMS4621,USHERS C,Cast Iron,313992.2273239275,233905.56882317996
WMS4070,GRANGE A,Cast Iron,321807.2073863582,240098.088849002
WMS5061,WHITEHALL C,Class B,316717.1984253358,239171.61993369306
WMS0060,CLONTARF EAST B,Class A,321276.25988799275,236215.93789785373
WMS0476,ROYAL EXCHANGE A,Class A,315700.53112153965,234034.1957818184
WMS1604,SOUTH DOCK,Bigbelly Bin,317823.79803552246,234249.63674900544
WMS0312,ROTUNDA B,Class A,315546.9972316573,235068.12542104305
WMS0244,NORTH CITY,Class A,315918.3957664046,234564.2855529027
WMS1218,NORTH DOCK C,Bigbelly Bin,316968.54850149056,234458.30919354284
WMS1959,MOUNTJOY A,Class A,316580.3901121246,234991.81962392747
WMS4679,ROTUNDA A,Cast Iron,315993.38370430365,235103.41901341043
WMS0743,MANSION HOUSE B,Class A,316230.4772976633,233052.85707563467
WMS3041,PEMBROKE EAST B,Class B,318488.84312192386,232844.75371448701
WMS2239,WHITEHALL C,Class B,316877.24919131456,238916.93145617502
WMS3842,SOUTH DOCK,Class B,317731.4351953272,233827.59530444327
WMS3663,FINGLAS NORTH B,Class B,312484.36898672406,239699.65522238694
WMS3547,DRUMCONDRA SOUTH A,Class B,317279.8317415527,237007.9192013009
WMS1123,NORTH CITY,Bigbelly Bin,316091.2450116723,234454.19022369673
WMS0946,RATHMINES WEST B,Class A,315653.6281224931,231957.73523341632
WMS0976,MERCHANTS QUAY A,Class A,314995.8386267772,233938.17207766845
WMS4365,SOUTH DOCK,Cast Iron,317330.5579166718,233441.5288837224
WMS5076,BALLYGALL A,Class B,314008.7884742527,237872.17496474175
WMS1272,NORTH DOCK C,Dog Bin,317190.34610332263,234524.69867271505
WMS2670,CLONTARF EAST C,Class B,319728.51574669377,235910.61240436867
WMS2388,AYRFIELD,Class B,320799.2791509958,240316.60432279768
WMS2241,WHITEHALL D,Class B,316990.64193047374,238784.89363888197
WMS1143,ROYAL EXCHANGE A,Bigbelly Bin,315617.3637429404,234176.82028564057
WMS1740,CLONTARF EAST B,Bigbelly Bin,320167.09480016516,235784.75226759887
WMS1018,NORTH CITY,Class A,315902.1683045402,234678.8708439523
WMS2548,CLONTARF WEST C,Class B,318238.3687786771,237000.07721388925
WMS5216,CLONTARF WEST C,Class B,318458.0848400516,236629.7102167223
WMS3730,PHOENIX PARK,Class B,313136.99502251827,234431.56995421712
WMS3682,DRUMCONDRA SOUTH A,Class B,317211.6403252879,236574.97721615847
WMS1350,RATHMINES EAST D,Class A,316397.3467215507,231889.7970907133
WMS0245,NORTH CITY,Class A,315925.8647546728,234536.47723111731
WMS1385,RATHMINES WEST B,Bigbelly Bin,315635.77912403335,231753.68635322098
WMS3568,BOTANIC B,Class B,315270.0674820981,236869.66397508152
WMS4000,BEAUMONT A,Class B,317346.6515821402,238954.17823567262
WMS0242,NORTH CITY,Class A,315816.9017294572,234571.08314174987
WMS0564,ROYAL EXCHANGE A,Class A,315556.7754549135,233561.9692109501
WMS1921,ROYAL EXCHANGE A,Class A,315641.9416848994,233921.21425908915
WMS3867,PEMBROKE EAST A,Class B,318682.5012696244,233383.72661344355
WMS3989,SAINT KEVIN'S,Class B,315374.4142236244,233138.0887208695
WMS3837,BALLYMUN F,Class B,314317.93479914975,239176.5871194298
WMS5281,RAHENY-GREENDALE,Class B,323313.1078220012,238982.2726159426
WMS4031,KILMORE A,Cast Iron,317710.0872440124,240352.32993779294
WMS1539,SAINT KEVIN'S,Bigbelly Bin,315597.453224777,233131.220216324
WMS0476,ROYAL EXCHANGE A,Class A,315721.4606530529,234035.89372252766
WMS5183,CABRA EAST A,Class B,315050.26884786435,236092.2783272139
WMS4113,WHITEHALL A,Cast Iron,315971.0493950014,237780.87435010163
WMS3675,WALKINSTOWN C,Class B,312006.57958668325,231558.57943531525
WMS1348,KIMMAGE C,Class A,313905.7403858503,231315.31466398085
WMS2956,INNS QUAY C,Class B,315220.0262885124,234281.18075871235
WMS0214,NORTH CITY,Class A,315966.9461306896,234506.58597960256
WMS1880,BALLYMUN C,Class A,315613.5389340913,239813.3663232906
WMS5129,KILMAINHAM C,Class B,311963.8315315158,233411.8414982192
WMS4402,MANSION HOUSE A,Cast Iron,316687.97233528714,234141.3171953086
WMS5197,GRACE PARK,Class B,318398.8942415542,237331.13870380278
WMS2921,INNS QUAY A,Class B,315253.2966071814,235760.53985314627
WMS1405,MERCHANTS QUAY D,Class A,315067.5805254018,233135.0023016163
WMS2360,PRIORSWOOD D,Class B,320287.92425332626,239928.54617535233
WMS1504,NORTH CITY,Class A,315516.4714213441,234425.23264068595
WMS2734,CABRA EAST A,Class B,314168.21124038246,236932.68654909806
WMS0967,KILMAINHAM B,Bigbelly Bin,312706.70226298535,233718.26968778603
WMS3526,GRANGE A,Class B,321676.2331585557,240412.31685972706
WMS1729,PEMBROKE WEST C,Bigbelly Bin,317275.17926647415,233325.38270598953
WMS3025,PEMBROKE EAST C,Class B,319386.02274816757,232432.45385767214
WMS1950,KILMORE D,Bigbelly Bin,319841.8609217006,239032.20393444705
WMS0426,INNS QUAY C,Class A,315116.22816213965,234229.90127688873
WMS4195,ARRAN QUAY E,Cast Iron,314366.77259134327,234829.48452496988
WMS2774,CABRA EAST C,Class B,313976.34254257893,235466.5312697292
WMS1243,SOUTH DOCK,Bigbelly Bin,317296.7161021009,234283.79403835093
WMS2929,INNS QUAY B,Class B,315552.6930613535,235559.0297943618
WMS3699,BALLYMUN A,Class B,314342.97726484976,240661.20062068882
WMS1273,NORTH DOCK C,Bigbelly Bin,317175.9018923195,234531.26521848605
WMS5018,KILMORE D,Class B,318805.68891151773,239374.7928907564
WMS1553,NORTH CITY,Class A,315725.88133418944,234885.41567878946
WMS2529,CLONTARF WEST B,Class B,319184.4245394859,237345.09448797614
WMS3091,PEMBROKE EAST D,Class B,319338.71423854714,231171.9067523421
WMS4167,NORTH DOCK C,Cast Iron,316876.83125986863,234728.55643124084
WMS4356,SAINT KEVIN'S,Cast Iron,316113.97519952373,233031.99565346923
WMS4216,ROTUNDA A,Cast Iron,315792.1275924983,235309.55008124825
WMS1680,HARMONSTOWN A,Dog Bin,320278.63822198124,238647.55263349373
WMS3980,CRUMLIN B,Class B,313066.8533112032,232274.27966299848
WMS0966,KILMAINHAM B,Bigbelly Bin,312722.15412021684,233716.39138058116
WMS0669,ROYAL EXCHANGE B,Class A,315668.79520707973,233789.77257215246
WMS3806,ASHTOWN A,Class B,312134.0891720956,237223.83204200986
WMS5207,WALKINSTOWN B,Class B,311889.49495150475,231502.75582231293
WMS2855,BALLYBOUGH A,Class B,316972.73189816857,235899.46492166872
WMS1426,NORTH CITY,Class A,315697.7786907805,234809.1804376165
WMS3327,CRUMLIN D,Class B,313147.3567446907,232289.30917939264
WMS3517,BEAUMONT B,Class B,317895.71871272515,238718.03706325623
WMS2564,DRUMCONDRA SOUTH C,Class B,316120.89445944276,237696.1243124188
WMS4361,SAINT KEVIN'S,Cast Iron,316139.5036096176,233126.1867263799
WMS0431,ARRAN QUAY C,Class A,314694.6990708253,234258.9466950282
WMS1391,CLONTARF WEST D,Bigbelly Bin,317586.87865823315,236254.0005346097
WMS3274,CRUMLIN C,Class B,313511.8521914004,232012.22418140917
WMS2000,BEAUMONT B,Class A,318246.43544388085,238647.57740775828
WMS4123,ASHTOWN B,Cast Iron,311564.7192488815,236490.49652936548
WMS1648,BALLYGALL C,Dog Bin,314987.48357730766,238701.9653338615
WMS2757,CABRA EAST A,Class B,314738.77520396793,235874.8370236858
WMS3355,KIMMAGE E,Class B,312757.76809975546,230572.50214991887
WMS1337,RATHMINES EAST A,Class A,316485.6602694561,231982.6824151559
WMS0375,NORTH CITY,Class A,315732.5406442089,234475.63017120937
WMS1034,NORTH CITY,Class A,315981.3460969771,234903.26250722122
WMS2541,CLONTARF WEST C,Class B,318327.88106687984,237162.40505941398
WMS1488,NORTH CITY,Class A,315724.28926655726,234624.45817013236
WMS0603,MANSION HOUSE B,Class A,316043.763419617,233529.61875513167
WMS0767,SAINT KEVIN'S,Class A,315386.11310825136,232445.46599249457
WMS5156,RATHMINES WEST C,Class B,316133.402085299,230646.7745405913
WMS1872,PEMBROKE EAST A,Bigbelly Bin,320484.1174325481,233425.18230792866
WMS5104,MOUNTJOY B,Class B,316561.558206499,235488.836045644
WMS1769,ROYAL EXCHANGE B,Class A,315774.3686128029,233912.08673111425
WMS4756,INCHICORE B,Class A,310269.5959366909,232403.70145775756
WMS2238,WHITEHALL C,Class B,316914.8658467337,238972.98366354694
WMS1359,ARRAN QUAY C,Bigbelly Bin,314777.2658249113,234329.00108308395
WMS2275,BEAUMONT B,Class B,318514.25455766043,238596.0889923567
WMS4056,PRIORSWOOD E,Cast Iron,318945.35910763266,240084.7768017893
WMS1424,CLONTARF EAST B,Class A,321015.1156414983,235971.2860771361
WMS2231,PHOENIX PARK,Class B,313389.5957601583,234425.90448415917
WMS4013,BALLYGALL A,Cast Iron,313135.5061174228,239074.7976758144
WMS0996,USHERS C,Class A,313813.74886117893,233353.26270786178
WMS3894,PEMBROKE EAST E,Class B,317929.76359702006,232416.88579195295
WMS3997,RAHENY-FOXFIELD,Class B,322687.3481131984,238919.5336158418
WMS3519,CABRA WEST C,Class B,313426.931036279,235916.6655519254
WMS4155,NORTH DOCK B,Cast Iron,317672.14761354297,235548.46252672502
WMS3111,RATHMINES EAST B,Class B,317783.40146725916,231392.09339656527
WMS3851,PEMBROKE EAST C,Class B,319226.0550448989,232818.66157148688
WMS4237,MOUNTJOY A,Cast Iron,316194.69980572,235206.1696066503
WMS1068,RAHENY-St. ASSAM,Bigbelly Bin,321486.93974388624,238111.75356977427
WMS1096,USHERS A,Bigbelly Bin,312764.84392110794,233699.1943157799
WMS1163,SAINT KEVIN'S,Bigbelly Bin,316044.695574381,232565.0092374669
WMS5252,CLONTARF WEST A,Class B,319268.5292621323,238228.37259998987
WMS5209,RATHMINES WEST A,Class B,314813.6145798777,232103.15481621408
WMS0913,PEMBROKE WEST C,Bigbelly Bin,317373.54894032265,232764.84275832213
WMS3594,MERCHANTS QUAY C,Class B,314633.26439518906,233234.43723997902
WMS0956,NORTH DOCK C,Class A,316920.31328983844,235398.9012943869
WMS3160,PEMBROKE EAST D,Class B,317800.89859749854,231147.69420929212
WMS4595,CABRA EAST C,Cast Iron,313557.6820671915,235084.45915851888
WMS5318,ARRAN QUAY A,Class B,314779.4087660979,235730.9990971103
WMS5016,HARMONSTOWN B,Class B,319712.8816840298,238386.31717022997
WMS2316,CLONTARF WEST A,Class B,319413.97467680403,238413.0852060233
WMS4738,MOUNTJOY B,Cast Iron,316154.8899016334,235427.87439434842
WMS2553,WHITEHALL A,Class B,315697.52454213146,237909.95076837117
WMS3534,DRUMCONDRA SOUTH C,Class B,316067.84831574536,237424.06904074235
WMS0873,SOUTH DOCK,Stainless Steel,317636.33934153395,234065.2945306039
WMS0460,ROYAL EXCHANGE A,Class A,315422.69932469307,234007.59662461546
WMS4430,SAINT KEVIN'S,Cast Iron,315711.4194160922,232766.76486236328
WMS1498,ROYAL EXCHANGE B,Class A,315694.7093837129,233703.13328436646
WMS1717,ARRAN QUAY E,Dog Bin,314223.27355262556,235014.50146648128
WMS3807,ASHTOWN A,Class B,312015.2555167404,236598.7990949877
WMS0991,PEMBROKE EAST A,Class B,318107.8312837166,233610.09302496855
WMS3037,PEMBROKE EAST B,Class B,318644.12192904914,233147.05222467665
WMS2835,CLONTARF EAST C,Class B,319997.18038733414,235927.19531805202
WMS4743,NORTH DOCK C,Class A,316861.8669248024,234469.94936573209
WMS3275,KIMMAGE C,Class B,314413.11659694463,232486.061792902
WMS5024,GRACE PARK,Class B,317375.82181416533,238009.05675167436
WMS5034,CLONTARF WEST B,Class B,319247.59428121685,237296.44942069746
WMS4751,RATHMINES EAST C,Class A,316271.98441808997,231483.84395705973
WMS0995,BALLYMUN C,Class A,315746.2765652815,240217.39326535206
WMS1379,NORTH CITY,Class A,315744.6449200912,234620.2589688603
WMS3879,GRACE PARK,Class B,318088.3836320123,237823.7699199457
WMS3707,BALLYMUN C,Class B,315588.5030684631,240362.12005295305
WMS1300,MANSION HOUSE A,Bigbelly Bin,316496.42707014014,234415.09155521338
WMS1003,ROTUNDA B,Class A,315610.2799112909,234813.73144509035
WMS1366,FINGLAS NORTH B,Bigbelly Bin,312423.3166018091,239075.83137511014
WMS2908,ARRAN QUAY B,Class B,314042.3997686373,235353.86277359692
WMS1276,NORTH DOCK C,Bigbelly Bin,317187.1707698527,234680.41265895026
WMS0073,USHERS A,Class A,313687.8684709434,233810.49326453364
WMS1821,CARNA,Class B,309611.24151520146,233361.1749102747
WMS2178,CLONTARF WEST C,Class B,319354.5984301141,237066.80341373276
WMS3956,TERENURE D,Class B,314336.0521673943,230092.9708272271
WMS2448,PRIORSWOOD B,Class B,319885.5431713736,240371.0164031088
WMS3038,PEMBROKE EAST B,Class B,318620.06235602766,233183.1524278984
WMS4707,RATHMINES EAST A,Cast Iron,316615.2389188702,232438.31732949067
WMS1548,BOTANIC C,Bigbelly Bin,315904.740401056,235982.74958911203
WMS0938,RATHMINES EAST D,Class A,316283.64408005116,231925.34258135734
WMS5195,MANSION HOUSE A,Class B,316656.43691001215,234160.28558481988
WMS1522,NORTH CITY,Bigbelly Bin,315491.6769434374,234247.48314496496
WMS3585,BEAUMONT A,Class B,317338.16912188486,239367.37476168375
WMS0334,NORTH CITY,Class A,315464.85181444575,234596.73313916923
WMS5344,SOUTH DOCK,Bigbelly Bin,317497.3668357017,233518.48925330557
WMS0539,KIMMAGE D,Class A,313924.73045657494,231276.52123358622
WMS5251,INNS QUAY A,Class B,315478.1652937074,235837.53406148075
WMS3133,RATHMINES EAST B,Class B,317105.06131902285,231773.6674428315
WMS3208,RATHMINES WEST E,Class B,314490.4610371856,230285.68631296468
WMS2377,BEAUMONT C,Class B,318927.41751063126,238999.50916476335
WMS3896,PEMBROKE EAST E,Class B,317964.1665748364,232396.59627804722
WMS2821,ASHTOWN A,Class B,311273.00161107257,236981.04347578634
WMS0764,GRANGE A,Class A,322321.366620959,240207.7138003111
WMS1867,KILMAINHAM A,Class A,311297.3680250324,233726.76462569254
WMS4703,GRACE PARK,Cast Iron,317350.0227683644,237202.70872417363
WMS1019,NORTH CITY,Class A,315893.3025373495,234658.65858942602
WMS4317,ROYAL EXCHANGE A,Cast Iron,315382.7755356601,234131.50946486273
WMS0425,INNS QUAY C,Class A,315110.07318518194,234189.82250292893
WMS3095,PEMBROKE WEST B,Class B,317268.1410076867,231950.7365622464
WMS0710,SAINT KEVIN'S,Class A,315617.50696179725,233110.82615209458
WMS4714,MOUNTJOY A,Cast Iron,316573.96073410986,235215.94939283052
WMS2039,FINGLAS SOUTH A,Class B,311936.6994706279,239097.15739245398
WMS3790,CLONTARF WEST A,Class B,319493.17778913793,238303.1202715231
WMS4334,SOUTH DOCK,Cast Iron,316751.3890240638,233191.4668575125
WMS1551,NORTH CITY,Class A,315681.7833691274,234834.95268841996
WMS0846,SOUTH DOCK,Class A,317046.5263565447,233954.16133930394
WMS2307,BEAUMONT C,Class B,318814.68409026944,238870.76612811923
WMS2196,WHITEHALL C,Class B,316704.6403973158,239144.18002108022
WMS1683,BEAUMONT F,Dog Bin,318051.6568055151,238296.28710187282
WMS2139,BOTANIC A,Class B,314850.60364264494,237941.8770066269
WMS0713,ROYAL EXCHANGE B,Class A,315582.5054310714,233271.18839957422
WMS0740,MANSION HOUSE B,Class A,316223.0081277562,233326.83970680815
WMS0095,INNS QUAY B,Class A,315606.6961255245,235470.6969096189
WMS0453,WOOD QUAY A,Class A,315174.37825925957,233901.46427267513
WMS4433,SAINT KEVIN'S,Cast Iron,315522.40128663334,232609.1672083853
WMS3757,FINGLAS SOUTH B,Class B,313052.27736266714,238717.48684948584
WMS0092,ROTUNDA B,Class A,315562.97599676624,235333.68829542588
WMS1023,NORTH CITY,Class A,315952.8478247571,234510.26685403474
WMS3207,RATHMINES WEST E,Class B,314500.6146738993,230327.09011858964
WMS5296,ARRAN QUAY E,Class B,314114.33909175714,234792.04039627707
WMS1787,CLONTARF EAST A,Bigbelly Bin,321322.2634917233,238154.34148069902
WMS0816,MANSION HOUSE B,Class A,316373.35354312387,233802.14121826462
WMS4502,USHERS C,Cast Iron,314129.90568125434,233194.45625380674
WMS5046,GRACE PARK,Class B,317239.71689220896,238020.82502845165
WMS3058,PEMBROKE WEST B,Class B,318047.0059023876,232968.8341253383
WMS0845,SOUTH DOCK,Class A,317085.9423083952,233945.5028923652
WMS3876,BALLYGALL C,Class B,315469.39010860515,238746.74882294718
WMS4545,DRUMFINN,Cast Iron,309834.8064930038,233683.0137145969
WMS1057,MANSION HOUSE B,Class A,316050.20753287885,233592.5808531376
WMS4622,MERCHANTS QUAY C,Cast Iron,314472.43039866176,233351.06526970924
WMS1249,SOUTH DOCK,Bigbelly Bin,317205.3060575085,233936.6701673178
WMS2802,CABRA WEST C,Class B,313016.2438411963,236107.184710719
WMS0861,MERCHANTS QUAY D,Class A,314841.9386892847,233242.5916932561
WMS2374,PRIORSWOOD C,Class B,320056.4011494659,240598.57212975275
WMS4676,ARRAN QUAY E,Cast Iron,314208.4172915952,235037.1563176016
WMS5202,CLONTARF WEST D,Class B,317595.6493918471,236228.95433505168
WMS5260,SOUTH DOCK,Class B,317669.22922117455,233839.78609442475
WMS4147,NORTH DOCK C,Cast Iron,317021.5405568728,234978.82810972707
WMS4668,ROTUNDA A,Cast Iron,315942.05582670984,235105.28714657898
WMS4752,BEAUMONT F,Class A,317664.8700981561,238372.6442455753
WMS3931,FINGLAS SOUTH A,Class B,312329.87140925165,238923.1953434139
WMS3710,NORTH DOCK B,Class B,317681.6991096772,235465.96663131885
WMS2615,CLONTARF EAST B,Class B,320566.30961861863,235779.47169101986
WMS3429,DRUMFINN,Class B,309373.02375726803,233983.270203641
WMS1923,ROYAL EXCHANGE A,Class A,315649.79616002867,233982.8609041993
WMS4127,ARRAN QUAY E,Cast Iron,313742.2775029089,235273.06782852416
WMS2977,SOUTH DOCK,Class B,316965.9226425571,233931.42915314742
WMS3743,BALLYGALL B,Class B,313958.4992450716,238993.67749896226
WMS0650,ROYAL EXCHANGE B,Class A,315732.802467732,233730.18824041015
WMS1699,KILMAINHAM C,Dog Bin,312810.39273520256,233179.04842216725
WMS1621,NORTH CITY,Class A,315764.8491206103,234339.5651850627
WMS5172,ASHTOWN A,Class B,311632.38767442235,236877.19725190173
WMS0103,ROTUNDA A,Class A,315743.2980207293,235459.49068428235
WMS3816,CLONTARF EAST C,Class B,320069.23802586383,235844.08568657044
WMS3271,TERENURE B,Class B,314288.8258920327,230299.79084305846
WMS3126,PEMBROKE EAST E,Class B,317981.3702011128,231874.26033412633
WMS1383,CABRA EAST A,Bigbelly Bin,315056.5398327814,236537.5842699563
WMS4187,ARRAN QUAY B,Cast Iron,314360.1723356339,234874.1866149038
WMS1847,ROTUNDA B,Class B,315491.88438603893,234761.52337680536
WMS4470,MERCHANTS QUAY A,Cast Iron,314765.0943910891,233871.61859189905
WMS2390,AYRFIELD,Class B,320338.83918022586,239581.8766480759
WMS5270,CLONTARF WEST D,Class B,317967.12523448805,236566.65803769507
WMS4071,GRANGE A,Cast Iron,321943.3126788666,240125.96684879277
WMS1088,ARRAN QUAY C,Bigbelly Bin,314728.7190052626,234462.1382329968
WMS0813,MANSION HOUSE B,Class A,316211.9762927333,233856.5575684822
WMS4093,RAHENY-St. ASSAM,Cast Iron,321500.9651503982,238207.24119646606
WMS1290,MANSION HOUSE A,Bigbelly Bin,317013.56032183126,234323.64468434086
WMS5130,KILMAINHAM C,Class B,312163.15729670745,233503.59937939397
WMS2976,SOUTH DOCK,Class B,317200.65832481167,233890.14542997233
WMS1251,SOUTH DOCK,Bigbelly Bin,317364.0700214985,233892.66342326804
WMS2061,BALLYMUN F,Class B,314039.0362224952,239473.78948196233
WMS1190,RATHFARNHAM,Class A,315111.01654445,230251.63778430305
WMS0114,MOUNTJOY A,Class A,316425.96158275614,234746.47854731765
WMS1948,FINGLAS NORTH B,Class A,312392.2817769968,238981.78652339338
WMS0640,ROYAL EXCHANGE A,Class A,315934.3703302933,233977.1509136939
WMS0047,CLONTARF EAST C,Class A,319695.58491213777,235875.9623450165
WMS0965,KILMORE D,Class A,319730.36695331207,238931.19302572912
WMS2228,WHITEHALL C,Class B,316863.2545925655,239728.90247053566
WMS1467,ROYAL EXCHANGE A,Bigbelly Bin,315287.39834658604,234132.06280816975
WMS0756,SAINT KEVIN'S,Class A,316159.38774677,233130.95936341048
WMS3502,ASHTOWN A,Class B,312008.01294007915,236618.2213793916
WMS3421,CARNA,Class B,309064.9748970623,233748.9548856697
WMS3728,CLONTARF WEST D,Class B,317772.6514823028,236330.78183154392
WMS2637,WOOD QUAY B,Class B,315095.6985181964,232683.0373447356
WMS4222,ROTUNDA A,Cast Iron,315654.62119292276,235407.83866437303
WMS5259,CABRA EAST A,Class B,314799.6922732296,235865.19825404696
WMS0467,ROYAL EXCHANGE A,Class A,315502.76866178535,234024.91936060478
WMS0171,NORTH CITY,Class A,316210.33105539734,234583.99041546907
WMS4585,MERCHANTS QUAY C,Cast Iron,314382.41501127055,233308.6998856626
WMS0168,NORTH CITY,Class A,316025.33010457444,234703.33853401942
WMS1939,PEMBROKE WEST A,Class A,318180.2558787988,233294.3482156213
WMS4198,ARRAN QUAY E,Cast Iron,314229.22491303226,235000.99702260146
WMS3844,USHERS A,Class B,312924.43743756536,233595.08990774455
WMS1525,NORTH CITY,Bigbelly Bin,315700.4027057028,234296.6663322694
WMS0750,RATHMINES EAST A,Class A,316490.5288681325,232570.3663261865
WMS1662,INNS QUAY A,Dog Bin,315901.5540759821,235966.49444587203
WMS3398,KILMAINHAM B,Class B,311945.6915443755,233562.42567151383
WMS1612,NORTH CITY,Class A,315862.12147766666,234664.00525494723
WMS3078,PEMBROKE EAST E,Class B,318850.6750028754,231587.63317292795
WMS2922,INNS QUAY B,Class B,315231.31207790563,235724.06254054638
WMS1870,SAINT KEVIN'S,Class A,315730.948839229,233141.29358811732
WMS4218,ROTUNDA A,Cast Iron,315719.6614631225,235247.8321597284
WMS2208,WHITEHALL A,Class B,315927.2214249458,238876.64524563882
WMS4403,MANSION HOUSE A,Cast Iron,316660.47097349534,234067.53902941232
WMS2378,PRIORSWOOD D,Class B,319715.50447081873,240132.34614985593
WMS1497,NORTH CITY,Class A,315729.93524750625,234746.25238006667
WMS2896,NORTH DOCK B,Class B,317960.5785768706,235284.53228068256
WMS4059,PRIORSWOOD E,Cast Iron,319081.5541380053,240431.36706421213
WMS0339,ROTUNDA B,Class A,315335.323687701,234695.98057148716
WMS2220,WHITEHALL C,Class B,317018.0481956187,240046.5988788245
WMS1777,PRIORSWOOD C,Bigbelly Bin,320118.51544889726,240530.45976104197
WMS1840,ROYAL EXCHANGE A,Class A,315984.57950395957,234019.05505857014
WMS3915,DRUMCONDRA SOUTH A,Class B,316240.1270771505,236872.04767651888
WMS5319,WALKINSTOWN B,Class B,311889.7718370233,231673.52036676934
WMS4610,USHERS B,Cast Iron,314057.71136316995,234270.796392069
WMS0203,NORTH CITY,Class A,316210.5952971536,234489.5952398054
WMS3640,CRUMLIN C,Class B,313483.6508288805,232448.45622658118
WMS4065,PEMBROKE EAST B,Cast Iron,318792.8170383989,232542.41016738105
WMS2618,RAHENY-FOXFIELD,Class B,322940.0966109648,238271.18239168954
WMS5224,WHITEHALL B,Class B,316753.61146987346,238991.64430858722
WMS2887,NORTH DOCK B,Class B,317568.80731067376,235300.8417107202
WMS1166,SAINT KEVIN'S,Bigbelly Bin,315775.5160678309,232488.81041202514
WMS3948,USHERS F,Class B,312971.2945855343,233418.43517767204
WMS3046,PEMBROKE EAST E,Class B,318240.5024826595,232373.00894732142
WMS1645,BALLYGALL D,Dog Bin,314461.141439234,238193.34555829773
WMS1964,ROYAL EXCHANGE B,Class A,315845.94890407164,233598.6931148578
WMS5175,BALLYGALL A,Class B,313310.6917787109,238811.98769550072
WMS1916,ROYAL EXCHANGE A,Class A,315497.28833498154,233381.18804307037
WMS3952,ARRAN QUAY D,Class B,313819.8679571421,235048.90569323485
WMS1046,MANSION HOUSE B,Class A,316016.5616117253,233539.7461632148
WMS1165,SAINT KEVIN'S,Bigbelly Bin,315843.81226903753,232496.18010104098
WMS3563,PHOENIX PARK,Class B,312864.22176279046,234445.2241803964
WMS0908,PEMBROKE WEST C,Bigbelly Bin,317473.40230178664,233047.75198098845
WMS1576,MOUNTJOY A,Class A,316516.7467046663,234857.36838519992
WMS1037,NORTH CITY,Class A,316042.7957867707,234721.14035980217
WMS3565,NORTH DOCK B,Class B,317669.06853705685,235447.7188638705
WMS4551,CARNA,Cast Iron,309508.02424411627,233600.86987591814
WMS1054,BALLYMUN B,Class A,315287.848450182,240138.8022656082
WMS1926,ROYAL EXCHANGE B,Class A,315652.2739790881,233872.16118709132
WMS2257,CLONTARF WEST B,Class B,318883.3176592117,237755.4274978085
WMS5343,PEMBROKE WEST A,Bigbelly Bin,317536.6202860015,233741.11187189215
WMS3734,BALLYGALL C,Class B,314681.4817053077,239148.2212327313
WMS0915,PEMBROKE WEST C,Bigbelly Bin,317262.29237340123,232775.19972719555
WMS1688,GRANGE D,Dog Bin,322044.9777568699,239096.4306855088
WMS1894,NORTH DOCK C,Class A,316277.595818621,234557.58201059463
WMS1985,NORTH DOCK C,Class A,316940.9820327346,235431.2278381614
WMS0744,MANSION HOUSE B,Class A,316249.73748602276,233025.50663986828
WMS3803,WHITEHALL B,Class B,316490.6583707584,238927.4348128917
WMS1176,PEMBROKE EAST A,Bigbelly Bin,318087.1862110882,233854.9530435437
WMS2502,CLONTARF EAST A,Class B,320463.6713231954,237746.51936584845
WMS3270,TERENURE B,Class B,314477.5333710541,230401.04111700103
WMS4213,ROTUNDA A,Cast Iron,315892.3186090543,235394.64124046397
WMS2059,FINGLAS SOUTH B,Class B,313232.4549699175,238016.06313793082
WMS0806,MANSION HOUSE B,Class A,316060.4466981249,233770.9811571441
WMS5230,WHITEHALL A,Class B,315492.42471386876,238539.3808691934
WMS3839,BALLYGALL A,Class B,313362.8350423303,238758.4254758419
WMS4357,SAINT KEVIN'S,Cast Iron,316115.06108391756,233053.42288755567
WMS0923,PEMBROKE WEST C,Bigbelly Bin,316958.1890665664,232920.06124277733
WMS0675,MANSION HOUSE B,Class A,316193.52481117554,233468.04013424693
WMS1164,SAINT KEVIN'S,Bigbelly Bin,315923.7362164948,232510.61167202273
WMS1650,WHITEHALL A,Dog Bin,315461.7074945992,238234.3320226877
WMS1748,KILMAINHAM C,Bigbelly Bin,312719.2929566347,233577.95114053754
WMS0481,ROYAL EXCHANGE A,Class A,315903.53977764933,234050.0151765554
WMS3505,RATHMINES EAST A,Class B,317202.6816548897,231991.10927087348
WMS0414,ROTUNDA B,Class A,315312.81166736246,234692.1154265378
WMS2660,CLONTARF EAST C,Class B,320151.47742429597,236368.5044233373
WMS1989,KILMORE D,Class A,319741.899137748,238967.4662645281
WMS2609,CLONTARF EAST C,Class B,319314.4313376758,235926.9823270926
WMS4037,BEAUMONT B,Cast Iron,318182.54020764417,238665.24123566612
WMS0120,NORTH DOCK C,Class A,316565.8434563449,234776.39607019693
WMS2652,CLONTARF EAST C,Class B,320183.2423660677,236401.49799455964
WMS4649,NORTH CITY,Cast Iron,316010.07571967546,234773.99404187637
WMS3611,GRANGE C,Class B,322380.76850738155,239745.2713983681
WMS4473,MERCHANTS QUAY A,Cast Iron,314568.6617449394,233896.90537369362
WMS1129,MANSION HOUSE A,Bigbelly Bin,316186.59675740113,234409.14608435243
WMS5110,NORTH DOCK B,Class B,317578.1684404556,235312.48176937472
WMS2128,BOTANIC B,Class B,315699.9780712301,236548.812835442
WMS4677,ARRAN QUAY E,Cast Iron,314261.62898102414,234973.6695184426
WMS4412,MANSION HOUSE A,Cast Iron,316252.37949192093,234404.48203087
WMS1094,ARRAN QUAY E,Bigbelly Bin,314412.56350652245,234764.59072795723
WMS0176,INNS QUAY A,Class A,315594.7453935952,235553.93253247644
WMS1122,NORTH CITY,Bigbelly Bin,316024.60574483394,234428.91101933192
WMS3281,CRUMLIN B,Class B,312903.584412353,233116.29544357635
WMS4669,DECIES,Cast Iron,310307.5665867948,233364.2977235811
WMS5060,WHITEHALL B,Class B,316889.5748662037,238421.8294569394
WMS1523,NORTH CITY,Bigbelly Bin,315546.34778548154,234257.00899193127
WMS1965,MANSION HOUSE B,Class A,315905.57487029117,233592.00238472119
WMS1188,BALLYBOUGH A,Bigbelly Bin,316677.95499836723,235563.2793645344
WMS3185,RATHMINES WEST F,Class B,315334.95926852315,231106.3069044589
WMS0739,MANSION HOUSE B,Class A,316202.1879065302,233281.5108914058
WMS3750,RAHENY-GREENDALE,Class B,323495.92053084937,238687.37436226418
WMS1413,CLONTARF EAST B,Class A,320639.72742182785,235760.33486654205
WMS5084,BALLYMUN A,Class B,313716.7957643647,239997.18332205294
WMS2699,BOTANIC A,Class B,315190.2065585678,237597.79959850057
WMS1879,ROYAL EXCHANGE B,Bigbelly Bin,315719.32798692456,233840.80951891097
WMS3380,INCHICORE B,Class B,311002.5163994343,232215.26161743188
WMS2060,FINGLAS SOUTH D,Class B,312209.4367373845,237847.87116991985
WMS1416,CLONTARF EAST C,Class A,320122.41176304535,235753.699272179
WMS0705,SAINT KEVIN'S,Class A,315675.2644779938,232876.60043819266
WMS1183,NORTH CITY,Bigbelly Bin,316077.2553647905,234992.04726447267
WMS4397,MANSION HOUSE A,Cast Iron,316640.3176863798,234012.33714589162
WMS0479,ROYAL EXCHANGE A,Class A,315803.84296423395,234043.72334262414
WMS0929,PEMBROKE WEST C,Bigbelly Bin,316919.12938555615,232916.43777282
WMS3973,CLONTARF WEST A,Class B,319273.7272992765,238253.50278404172
WMS0396,AYRFIELD,Class A,320397.34080762905,239291.42049511214
WMS5228,FINGLAS SOUTH B,Class B,313142.9038633417,238519.2771535179
WMS3919,BOTANIC A,Class B,314815.7925070955,237700.36762639278
WMS1236,SOUTH DOCK,Bigbelly Bin,317611.8397764446,234271.33994525837
WMS2389,AYRFIELD,Class B,320640.1067777999,239996.55065842977
WMS1423,CLONTARF EAST C,Class A,319871.6781732002,235833.36466094363
WMS0023,BALLYMUN C,Class A,315982.7060036376,240015.83887232852
WMS5401,USHERS A,Class A,312733.2653162207,234104.45119930434
WMS1006,ROTUNDA B,Class A,315704.351210666,234893.86454531687
WMS0456,RATHMINES WEST E,Class A,315160.0682388821,230661.47209393122
WMS5255,BOTANIC B,Class B,315471.45165932673,237187.03148263547
WMS0115,NORTH DOCK C,Class A,316596.0023055785,234884.21956400352
WMS0012,BALLYMUN C,Class A,315542.2113182045,240155.10639739851
WMS3626,ARRAN QUAY A,Class B,315017.8378789979,235226.90366223565
WMS4235,MOUNTJOY A,Cast Iron,316291.3432711214,235273.39756175538
WMS4689,GRACE PARK,Class B,317463.33477572224,237394.04288737837
WMS0368,NORTH CITY,Class A,315919.79293808906,234405.7408283658
WMS0452,CARNA,Class A,309485.8638056001,233539.38300970988
WMS4250,ROTUNDA A,Cast Iron,316159.85069641814,235052.6184123698
WMS1489,NORTH CITY,Class A,315530.4203075558,234566.91359569368
WMS0455,USHERS F,Class A,313633.006243331,233763.7450361156
WMS4431,SAINT KEVIN'S,Cast Iron,315632.24016624456,232739.29465037497
WMS1213,NORTH DOCK B,Bigbelly Bin,317251.20534230117,234466.10194740567
WMS4678,NORTH DOCK A,Cast Iron,317459.55878063047,235749.2535245482
WMS0187,NORTH CITY,Class A,316073.3262339467,234468.9162435239
WMS1983,NORTH DOCK C,Class A,316726.3273646674,234493.93742641396
WMS0002,BALLYMUN D,Class A,315517.35973690683,239577.0880971525
WMS2487,RAHENY-St. ASSAM,Class B,322472.2347468158,238108.14118892825
WMS1789,ROYAL EXCHANGE A,Bigbelly Bin,315746.30954860826,234199.29281578964
WMS0145,RATHMINES WEST C,Class A,315883.5269334178,230609.0238601647
WMS3085,PEMBROKE WEST C,Class B,316708.48707665823,232460.2186913812
WMS5212,RAHENY-GREENDALE,Class B,322500.65697208705,239026.96019878355
WMS1016,NORTH CITY,Class A,315818.1168592129,234916.06574580134
WMS5258,CABRA WEST D,Class B,313059.02266717714,236064.0180081445
WMS2910,ARRAN QUAY B,Class B,314198.81183192995,235065.0906974713
WMS1755,ROYAL EXCHANGE A,Bigbelly Bin,315738.81640770973,234194.59934564363
WMS3921,ASHTOWN A,Class B,311634.5940958732,237326.62250760614
WMS0192,NORTH CITY,Class A,316247.7645594362,234557.03092808914
WMS3265,TERENURE D,Class B,314387.5257349748,230146.8480199041
WMS3645,KIMMAGE E,Class B,313059.1470268435,231206.83055917255
WMS5272,ASHTOWN B,Class B,312908.17599671736,236097.259367331
WMS4681,MERCHANTS QUAY F,Cast Iron,313990.00065673864,232983.38172075717
WMS1822,NORTH CITY,Bigbelly Bin,316230.26258721086,234774.45651240766
WMS0791,SOUTH DOCK,Class A,316892.42105650506,233323.7869828252
WMS1097,USHERS A,Bigbelly Bin,313734.4151808816,234215.14785765897
WMS4072,GRANGE A,Cast Iron,322264.09531752055,240113.92567981748
WMS5325,BALLYBOUGH A,Class B,316926.6964344484,235429.96289898088
WMS1322,GRANGE A,Class A,322210.1567979577,239889.05247156307
WMS3603,BALLYGALL A,Class B,313217.9254103756,238921.25132335947
WMS3114,RATHMINES EAST B,Class B,317464.92525050713,231674.30414008064
WMS1070,CLONTARF EAST C,Bigbelly Bin,320136.5856078052,235821.60253077748
WMS0459,ROYAL EXCHANGE A,Class A,315411.23708732956,234008.56657765558
WMS2108,BALLYMUN E,Class B,315131.585314131,239122.80525188122
WMS1763,NORTH DOCK C,Dog Bin,317193.51702545607,234741.09632123803
WMS1785,CLONTARF EAST A,Bigbelly Bin,321083.1816524665,237027.3549685942
WMS4098,RAHENY-St. ASSAM,Cast Iron,321655.9558738539,238217.08800292874
WMS5232,WHITEHALL B,Class B,316481.2898060182,238566.16143881463
WMS4735,BALLYGALL C,Class A,314890.8259893904,238446.19064286645
WMS4208,MOUNTJOY B,Cast Iron,316128.4550276734,235468.2000301279
WMS2912,ARRAN QUAY A,Class B,315042.10045536474,235814.80240435136
WMS5243,ROTUNDA B,Class B,315350.32945733465,234975.56008693564
WMS1027,ROTUNDA A,Class A,315875.41934511747,235011.56222042945
WMS0950,RATHMINES WEST B,Class A,315627.8029119317,231669.82865795342
WMS3905,WHITEHALL C,Class B,316750.86428232514,239573.1952305894
WMS5160,RATHFARNHAM,Class B,315557.9057693569,229784.89951074222
WMS2641,CLONTARF EAST B,Class B,320718.20173768024,236635.8105256216
WMS1403,MANSION HOUSE A,Class A,316125.94735005434,234318.86710837862
WMS4179,ROTUNDA A,Cast Iron,315893.49823300005,235544.47176147855
WMS3840,FINGLAS NORTH C,Class B,313460.0858990586,239632.3628449981
WMS3657,FINGLAS NORTH C,Class B,313809.0958633269,239596.3950795398
WMS1137,ARRAN QUAY C,Bigbelly Bin,314694.55246717355,234356.7597205825
WMS3293,USHERS A,Class B,313308.4705712466,233666.78941033996
WMS2563,DRUMCONDRA SOUTH C,Class B,316212.9982394648,237671.25054089527
WMS2391,AYRFIELD,Class B,320308.41187017073,239559.07960596666
WMS0733,SAINT KEVIN'S,Class A,315591.8670003535,232740.4760859026
WMS3157,RATHMINES EAST A,Class B,316780.55187382706,232240.14769356203
WMS2698,BOTANIC A,Class B,315321.48029707966,237210.98837875584
WMS1216,NORTH DOCK C,Bigbelly Bin,317099.4349038602,234445.9595819215
WMS0419,NORTH CITY,Class A,315963.26511688874,234680.78246977282
WMS5277,GRACE PARK,Class B,317205.6818766524,237576.07396798744
WMS0248,NORTH CITY,Class A,315953.4031346864,234440.51809627283
WMS2416,AYRFIELD,Class B,320955.46200644004,239457.33040138343
WMS1922,ROYAL EXCHANGE A,Class A,315637.6298928134,233998.07744397572
WMS0251,NORTH CITY,Class A,315878.3730565127,234669.33370025564
WMS3768,ARRAN QUAY B,Class B,314526.92316104553,235665.30295825572
WMS4303,ROTUNDA B,Cast Iron,315373.936139743,234867.28683145228
WMS2029,FINGLAS NORTH C,Class B,312835.72563033446,239862.49958294726
WMS1972,MANSION HOUSE B,Class A,315960.2309609574,233828.23843183654
WMS2094,BALLYGALL B,Class B,314242.584264941,239165.16891189673
WMS3478,RAHENY-St. ASSAM,Class B,322083.7840016467,237630.3458241396
WMS1214,NORTH DOCK C,Bigbelly Bin,317186.10054103687,234487.55553122386
WMS5286,GRANGE A,Class B,321031.0814739972,240571.79977015275
WMS0285,NORTH CITY,Class A,315439.65748140606,234541.07874633718
WMS0087,MOUNTJOY B,Class A,315808.05389200384,235749.73567437608
WMS3099,PEMBROKE WEST B,Class B,317538.1155213871,231641.72682896227
WMS4598,BOTANIC A,Cast Iron,315105.51978135615,236443.27553383427
WMS5068,BOTANIC A,Class B,314981.1059871642,236683.4503729055
WMS5306,CRUMLIN E,Class B,312114.3172205875,232340.17330861627
WMS3128,PEMBROKE EAST D,Class B,318917.09521528846,231239.45983484297
WMS4047,BEAUMONT B,Cast Iron,318546.28578006604,238768.50168043337
WMS0354,NORTH CITY,Class A,315383.93988792796,234362.53517158213
WMS3987,BALLYMUN F,Class B,314316.7524337218,239488.89891156045
WMS4404,MANSION HOUSE A,Cast Iron,316673.0708274661,234212.0461838603
WMS1720,BOTANIC A,Bigbelly Bin,315228.53767848364,237070.29774722565
WMS1814,NORTH CITY,Bigbelly Bin,316152.5711088967,234740.64666267505
WMS2042,FINGLAS NORTH B,Class B,312510.53351314616,239953.9150802196
WMS1422,CLONTARF EAST C,Class A,319779.01382220094,235858.34734736537
WMS0814,MANSION HOUSE B,Class A,316245.3641021438,233845.84272021285
WMS5186,CRUMLIN F,Class B,312036.45126585464,231817.48047063896
WMS4030,KILMORE A,Cast Iron,317712.4858493335,240306.73751203276
WMS4754,RATHMINES EAST C,Class A,316544.15618145105,230397.7764594965
WMS4162,NORTH DOCK C,Cast Iron,317181.40316052706,234602.80192679286
WMS0238,NORTH CITY,Class A,315866.96079401695,234748.6795300622
WMS0229,NORTH CITY,Class A,315857.5724867179,234886.1619975608
WMS1563,TERENURE C,Class B,314326.0676710155,230159.56499152744
WMS4694,BOTANIC C,Cast Iron,315105.9710919174,236377.94215579872
WMS1248,SOUTH DOCK,Bigbelly Bin,317213.741187921,234055.02001873433
WMS1508,NORTH CITY,Class A,315446.9888315922,234504.6649349174
WMS3210,RATHMINES WEST E,Class B,314582.58049065864,230251.8063785416
WMS2195,WHITEHALL C,Class B,316536.17918687826,239134.85234682952
WMS5248,KIMMAGE E,Class B,313200.21022883884,230471.42544977495
WMS0827,MANSION HOUSE A,Class A,316067.89896608837,234245.8425826997
WMS0422,NORTH CITY,Class A,315353.48163039587,234241.3779007141
WMS3198,RATHMINES WEST A,Class B,315047.1027218541,232393.2233014437
WMS0693,ROYAL EXCHANGE B,Class A,315759.8427087471,233290.90389532986
WMS1766,FINGLAS NORTH B,Class A,312395.70284450357,239030.09047417235
WMS2494,RAHENY-FOXFIELD,Class B,322911.4100209561,238538.405690188
WMS3598,PEMBROKE EAST B,Class B,318290.81056713004,233000.98983327748
WMS1804,MANSION HOUSE A,Class A,316228.2022521832,233868.73506006916
WMS4336,SOUTH DOCK,Cast Iron,316804.12012357323,233138.24968144667
WMS0365,ROTUNDA B,Class A,315329.41944821534,234961.69872266037
WMS0301,ROTUNDA B,Class A,315795.2859676121,235009.6424301029
WMS3690,FINGLAS NORTH C,Class B,313434.9102895361,239073.1787825646
WMS4286,MOUNTJOY A,Cast Iron,316367.63616562315,234826.77692131477
WMS3822,PEMBROKE EAST B,Class B,318656.76908362476,233117.8222552369
WMS0620,MANSION HOUSE B,Class A,315899.0463544255,233647.1858727265
WMS2674,CLONTARF WEST D,Class B,318575.48768174835,236188.82827441482
WMS0390,TERENURE D,Class A,314257.8570395709,229636.6981158832
WMS3680,KIMMAGE E,Class B,313333.9082774664,230430.6987702223
WMS2540,CLONTARF WEST B,Class B,318534.9561211794,237500.8841258263
WMS3349,CRUMLIN D,Class B,312195.0912542348,231809.47717785984
WMS4657,USHERS B,Cast Iron,313825.451170143,234218.3637576477
WMS2007,DRUMCONDRA SOUTH C,Class B,316241.1544677743,236944.76857690723
WMS1484,NORTH DOCK A,Class A,317251.9576521957,235823.02952775528
WMS1747,CHAPELIZOD,Bigbelly Bin,310151.5346008255,234350.69119079062
WMS2650,CLONTARF EAST B,Class B,320192.80226163653,236404.9477994077
WMS3863,CABRA WEST C,Class B,313646.01194904087,235738.24444219406
WMS0931,PEMBROKE WEST C,Bigbelly Bin,316833.2261073593,232898.33591793705
WMS0221,NORTH CITY,Class A,315932.4954716451,234639.8889864797
WMS1578,MOUNTJOY A,Class A,316445.06298902037,234827.3782600014
WMS4741,MOUNTJOY B,Cast Iron,315977.8486400296,235445.98151764926
WMS5336,WHITEHALL C,Class B,316753.7419432117,239060.51275601637
WMS4096,RAHENY-St. ASSAM,Cast Iron,321624.54456899647,238213.4708681138
WMS1335,RATHMINES EAST A,Class A,316431.6385111437,231887.55138768582
WMS1500,RATHMINES WEST A,Class A,315638.77959370596,231957.93753456764
WMS5217,ARRAN QUAY A,Class B,315002.37200481404,235230.62127540796
WMS1065,BALLYGALL C,Bigbelly Bin,315439.50821001123,238669.4215803964
WMS5303,PEMBROKE EAST A,Class B,318741.1837952478,233290.9390090165
WMS3940,PEMBROKE EAST E,Class B,317933.41915585217,232306.72036838828
WMS1900,NORTH CITY,Class A,315522.67662516364,234405.33943204713
WMS4346,MANSION HOUSE B,Cast Iron,316532.83116011426,233006.1611211205
WMS4617,PEMBROKE WEST C,Cast Iron,317179.67790353124,233054.97973014432
WMS0864,NORTH DOCK B,Class A,317932.91314778395,234719.0825800226
WMS2980,SAINT KEVIN'S,Class B,315496.6573877745,232830.76642723958
WMS0558,ROYAL EXCHANGE A,Class A,315639.13640093384,233958.17409543085
WMS4076,ARRAN QUAY D,Cast Iron,313609.1187928155,234494.29589657128
WMS2509,CLONTARF EAST A,Class B,320302.58399859467,237681.2852547293
WMS0202,NORTH DOCK B,Class A,318108.85332020815,234698.5906307509
WMS0341,ROTUNDA B,Class A,315294.2813548652,234664.80818395203
WMS1875,ROYAL EXCHANGE B,Bigbelly Bin,315734.3783827277,233855.5270043096
WMS3138,PEMBROKE WEST C,Class B,316891.136262407,232736.1961095601
WMS0058,CLONTARF EAST B,Class A,321016.4241531538,235994.71784665904
WMS5004,ASHTOWN A,Class B,311121.34403138614,237391.00166499667
WMS0711,SAINT KEVIN'S,Class A,315612.3950716899,233137.2738725532
WMS3993,KIMMAGE B,Class B,313229.59844901157,231545.84034371423
WMS2311,BEAUMONT C,Class B,319504.6371534933,238736.87439775656
WMS5136,INCHICORE A,Class B,311844.3418984395,233382.23225146433
WMS4315,ROTUNDA B,Cast Iron,315256.93692763685,234605.77512204862
WMS0311,ROTUNDA B,Class A,315549.87760127615,235100.46878897748
WMS2452,AYRFIELD,Class B,320978.0799837068,239624.6333642149
WMS0941,NORTH CITY,Class A,315578.0251398394,234571.45777578006
WMS0220,NORTH CITY,Class A,315937.49933624465,234620.34083352768
WMS1058,MANSION HOUSE B,Class A,316035.01723497413,233590.01106743127
WMS3450,BEAUMONT C,Class B,319156.43041962426,238125.97532473743
WMS4353,SAINT KEVIN'S,Cast Iron,316091.48150126945,232971.20623379215
WMS4709,MERCHANTS QUAY B,Cast Iron,314928.7157457717,233776.16785678698
WMS0395,PEMBROKE EAST A,Class A,318172.1691851738,233823.6582840534
WMS4706,CLONTARF EAST A,Cast Iron,321448.53723494173,238280.95893912637
WMS1152,PEMBROKE WEST C,Bigbelly Bin,317149.2379471073,233191.66885019414
WMS3028,PEMBROKE EAST C,Class B,319462.46470773016,232151.67986783132
WMS0150,CHAPELIZOD,Class A,311124.62672701385,233781.18642610314
WMS0451,MERCHANTS QUAY F,Class A,313857.428468881,232765.9948631827
WMS3289,ARRAN QUAY B,Class B,314853.6784019831,234883.04446833456
WMS5066,INNS QUAY B,Class B,315272.135090314,235686.07752651133
WMS3811,INNS QUAY B,Class B,315363.81553227664,235389.32685143343
WMS2035,FINGLAS NORTH B,Class B,312732.823706866,239055.78299793944
WMS4325,MANSION HOUSE B,Cast Iron,316346.52678239514,233402.55407243982
WMS0902,PEMBROKE EAST C,Bigbelly Bin,319594.59894975874,231641.76682275167
WMS3899,PEMBROKE EAST E,Class B,318930.51790701214,231524.14800011556
WMS0903,PEMBROKE EAST C,Bigbelly Bin,319610.65373069205,231517.64552292365
WMS2635,CLONTARF EAST A,Class B,321335.1679937899,236935.0337941023
WMS4055,PRIORSWOOD E,Cast Iron,318793.377204824,240091.6932961162
WMS3766,ARRAN QUAY A,Class B,314916.93437097594,235864.03168071018
WMS0284,NORTH CITY,Class A,315470.75347907183,234550.86675822252
WMS5276,WHITEHALL A,Class B,315883.4634954021,237771.91755644578
WMS1800,BALLYBOUGH A,Bigbelly Bin,316878.21116675704,235770.6917352145
WMS0258,NORTH CITY,Class A,315784.99362363596,234643.88276638117
WMS3574,FINGLAS NORTH C,Class B,313256.92191300297,239173.82375304072
WMS1159,DRUMFINN,Bigbelly Bin,309850.2045194159,233697.44651469841
WMS2370,CLONTARF EAST C,Class B,319829.903688382,237017.8693230595
WMS4633,CABRA WEST B,Cast Iron,313699.37328845006,236515.60110176855
WMS0940,RATHMINES WEST E,Class A,315085.94608653546,230480.6891311755
WMS5022,WHITEHALL D,Class B,317566.74060102267,238705.492164656
WMS0119,NORTH DOCK C,Class A,316555.32579225604,234745.50294396418
WMS2447,EDENMORE,Class B,321091.8786233631,239276.70334966018
WMS1001,ROTUNDA B,Class A,315488.3904351404,234899.15281434482
WMS1002,ROTUNDA B,Class A,315579.4154664371,234794.5001090125
WMS0735,ROYAL EXCHANGE B,Class A,315670.36677768687,233192.72617451104
WMS0982,USHERS E,Class A,313385.9742798438,233087.3623873592
WMS4468,NORTH CITY,Cast Iron,316132.67814123834,235012.78520640303
WMS5154,HARMONSTOWN B,Class B,320584.31433206133,238173.71004833173
WMS1225,NORTH DOCK C,Bigbelly Bin,316477.612867464,234505.95972248475
WMS0517,PEMBROKE EAST A,Cast Iron,318408.50269741187,234064.28374788814
WMS4337,SOUTH DOCK,Cast Iron,316893.81103187904,232997.1860051773
WMS1616,NORTH CITY,Class A,316139.8493010396,234473.38151570008
WMS2571,GRACE PARK,Class B,317967.6971102092,236848.01141073872
WMS1031,ROTUNDA A,Class A,315972.97799645335,234975.2571078117
WMS1592,GRANGE C,Class A,322260.457164818,239926.50695136437
WMS1786,CLONTARF EAST A,Bigbelly Bin,321814.96568054025,237828.2336171418
WMS0755,SAINT KEVIN'S,Class A,316189.7474261725,233088.826698653
WMS3397,INCHICORE A,Class B,311892.51689841406,233475.0498300627
WMS5304,PEMBROKE EAST A,Class B,318070.7026822029,234132.7194728986
WMS4731,BALLYGALL C,Cast Iron,315151.6981980402,238818.29626785882
WMS1062,BALLYGALL A,Bigbelly Bin,313254.9582821594,239091.06452384405
WMS4064,PEMBROKE EAST C,Cast Iron,318883.25253964314,232582.21437172723
WMS4258,MOUNTJOY A,Cast Iron,316550.18136065046,234810.24098035484
WMS1363,BEAUMONT C,Bigbelly Bin,319040.58103624964,238261.84740847463
WMS0647,ROYAL EXCHANGE B,Class A,315798.09913443576,233896.71417013495
WMS0327,ROTUNDA B,Class A,315475.20516193425,234727.89720010027
WMS5165,KIMMAGE D,Class B,313735.7946658225,230914.02315230184
WMS4480,USHERS C,Cast Iron,314308.87872356275,233719.46622923666
WMS0910,PEMBROKE WEST A,Bigbelly Bin,317467.29795544693,233093.16386975456
WMS3758,WHITEHALL D,Class B,316926.93592245766,238502.74871258173
WMS3704,PEMBROKE EAST C,Class B,319165.2043885386,231902.28697617934
WMS0494,ROYAL EXCHANGE A,Class A,315424.5291943123,234026.38660114084
WMS1915,ROYAL EXCHANGE A,Class A,315540.2957746241,233382.27057418606
WMS1493,NORTH CITY,Class A,315644.8295853028,234529.57768079767
WMS5176,FINGLAS NORTH C,Class B,313795.61586936715,239345.72454486552
WMS4599,DRUMFINN,Cast Iron,309793.4987800534,233695.28443533808
WMS4429,SAINT KEVIN'S,Cast Iron,315748.1924985363,232773.24520929382
WMS1295,MANSION HOUSE A,Bigbelly Bin,316852.7159531904,234343.64227201132
WMS0746,MANSION HOUSE B,Class A,316309.781205639,232936.92875330345
WMS5326,BALLYBOUGH A,Class B,317023.1237752989,235535.8101167525
WMS1206,NORTH DOCK B,Bigbelly Bin,317633.496484626,234414.9245874707
WMS4373,MANSION HOUSE B,Cast Iron,316735.6248806482,233414.07300586152
